Backlog ID,Method Code,Short Code,Canonical Name,Reference Label,Category Code,Category,Family Name,Class,Phase,Priority,Evidence Grade,Definition / What to try,Mechanism,Expected Direction,Failure Mode,Minimum Viable Experiment,Primary Metrics,Source IDs,Status
H001,SEM-001,SCC,Semantic Compression Captions,SEM-001 / SCC — Semantic Compression Captions,SEM,Semantic / Compression,Semantic Compression,Method,Pilot first,P0,Strong adjacent,Rewrite spoken sentences into shortest meaning-preserving phrases.,Reduces verbal load while preserving gist.,Better gist/action recall than full transcript overlays.,Over-compression makes captions cryptic.,Full transcript vs semantic compression on same clip.,Gist recall; action recall; perceived effort,S06; S07; S09; S10; S27,Backlog
H002,SEM-002,PEO,Proposition Extraction Overlay,SEM-002 / PEO — Proposition Extraction Overlay,SEM,Semantic / Compression,Semantic Compression,Method,Pilot first,P0,Moderate adjacent,Show the underlying claim rather than the literal words.,Lets viewer process mental model instead of syntax.,"Higher main-point recall, especially muted.",May distort nuance if proposition is wrong.,Human-coded propositions vs transcript overlay.,Main point accuracy; distortion errors,S06; S07; S09; S10; S27,Backlog
H003,SEM-003,OFC,Operator-First Captioning,SEM-003 / OFC — Operator-First Captioning,SEM,Semantic / Compression,Semantic Compression,Method,Pilot first,P0,Moderate adjacent,"Begin overlay with logical operator: Not, Stop, Less, First, Then.",Reveals relation before content; supports phrase structure.,Better contrast recall than keyword-only captions.,Too many operators feel formulaic.,Keyword-only vs Not-X/Y microphrases.,Contrast recall; completion rate,S06; S07; S09; S10; S27,Backlog
H004,SEM-004,CPC,Contrast Pair Cards,SEM-004 / CPC — Contrast Pair Cards,SEM,Semantic / Compression,Semantic Compression,Method,Pilot second,P1,Moderate adjacent,"Use two-line contrasts: Not X / Y, Stop X / Start Y.",Uses binary structure to reduce interpretation cost.,Strong for myth-busting and advice content.,Can oversimplify complex claims.,Contrast pair vs normal sentence.,Gist recall; save rate,S06; S07; S09; S10; S27,Backlog
H005,SEM-005,PCFB,Problem–Cause–Fix Beat Cards,SEM-005 / PCFB — Problem–Cause–Fix Beat Cards,SEM,Semantic / Compression,Semantic Compression,Method,Pilot first,P0,Strong adjacent,"Display three labels across the clip: Problem, Cause, Fix.",Externalizes structure and reduces working-memory demand.,Better action recall for educational clips.,Can feel like a slide deck if overused.,Same explainer with/without beat labels.,Action recall; perceived structure,S06; S07; S09; S10; S27,Backlog
H006,SEM-006,REN,Rule–Example–Nonexample Captions,SEM-006 / REN — Rule–Example–Nonexample Captions,SEM,Semantic / Compression,Semantic Compression,Rule / Mode,Explore later,P2,Moderate adjacent,"Show a rule, a good example, then a wrong example.",Creates classification boundaries.,Better transfer to new examples.,Too slow for very short clips.,Learning clip with rule-only vs rule-example-nonexample.,Transfer question; completion,S06; S07; S09; S10; S27,Backlog
H007,SEM-007,CEP,Claim–Evidence–Payoff Overlay,SEM-007 / CEP — Claim–Evidence–Payoff Overlay,SEM,Semantic / Compression,Semantic Compression,Method,Explore later,P2,Moderate adjacent,"Label claim, proof, and takeaway as separate beats.",Helps viewers trust and encode the argument.,Higher credibility and save rate.,May reduce emotional flow.,Advice clip with claim/payoff labels vs no labels.,Credibility rating; saves,S06; S07; S09; S10; S27,Backlog
H008,SEM-008,TFO,Takeaway-First Overlay,SEM-008 / TFO — Takeaway-First Overlay,SEM,Semantic / Compression,Semantic Compression,Method,Pilot second,P1,Moderate adjacent,"Show the final point in the first second, then explain.",Reduces uncertainty and raises reward prediction.,Better 3-second hold for educational clips.,May spoil suspense or jokes.,Hook-first vs takeaway-first variants.,1s/3s hold; completion,S06; S07; S09; S10; S27,Backlog
H009,SEM-009,AOO,Action-Only Overlay,SEM-009 / AOO — Action-Only Overlay,SEM,Semantic / Compression,Semantic Compression,Method,Pilot second,P1,Moderate adjacent,"For advice clips, show only the next action, not explanation.",Turns passive consumption into instruction.,Higher action recall and saves.,Weak context if viewer misses why.,Action-only vs explanation captions.,Action recall; saves,S06; S07; S09; S10; S27,Backlog
H010,SEM-010,MOC,Memory Object Captions,SEM-010 / MOC — Memory Object Captions,SEM,Semantic / Compression,Semantic Compression,Method,Pilot second,P1,Moderate adjacent,"End with a short, repeatable phrase: Systems beat mood.",Creates a verbal chunk for later recall.,Higher delayed recall.,Can become cliché or inaccurate.,With/without end memory phrase.,Delayed recall; shares,S06; S07; S09; S10; S27,Backlog
H011,SEM-011,MVC,Minimal Verb Captioning,SEM-011 / MVC — Minimal Verb Captioning,SEM,Semantic / Compression,Semantic Compression,Method,Explore later,P2,Speculative / direct test needed,Preserve verbs over nouns when showing fewer words.,Actions drive what to do next.,Better instruction recall.,May lose conceptual nuance.,Verb-heavy vs noun-heavy compression.,Action recall,S06; S07; S09; S10; S27,Backlog
H012,SEM-012,SBT,Semantic Breadcrumb Trail,SEM-012 / SBT — Semantic Breadcrumb Trail,SEM,Semantic / Compression,Semantic Compression,Method,Explore later,P2,Moderate adjacent,Display one small concept per beat that accumulates meaning.,Supports continuity without sentence blocks.,Better follow-through in 45–90s clips.,Too many breadcrumbs distract.,Breadcrumb vs independent captions.,Sequence recall; effort rating,S06; S07; S09; S10; S27,Backlog
H013,SEM-013,CLC,Concept Ladder Captions,SEM-013 / CLC — Concept Ladder Captions,SEM,Semantic / Compression,Semantic Compression,Method,Explore later,P2,Moderate adjacent,Move from concrete to abstract: shoes → start → habit.,Builds schema progressively.,Better novice comprehension.,Experts may find it slow.,Beginner viewers: ladder vs direct concept.,Novice gist recall,S06; S07; S09; S10; S27,Backlog
H014,SEM-014,CRL,Compression Ratio Ladder,SEM-014 / CRL — Compression Ratio Ladder,SEM,Semantic / Compression,Semantic Compression,Method,Pilot first,P0,Strong adjacent,"Test 100%, 60%, 30%, 15%, and 5% transcript equivalents.",Finds minimum viable text.,Identifies optimal text density by content type.,Too low loses context; too high overloads.,Same clip at multiple compression ratios.,Gist recall; text dwell; effort,S06; S07; S09; S10; S27,Backlog
H015,SEM-015,KMC,Keyword-to-Microphrase Conversion,SEM-015 / KMC — Keyword-to-Microphrase Conversion,SEM,Semantic / Compression,Semantic Compression,Method,Pilot second,P1,Moderate adjacent,Convert isolated keywords into 2–4 word phrase chunks.,Keeps syntax while staying sparse.,Better than keyword-only overlays.,Slightly more text may hurt visual recall.,Keywords vs microphrases.,Gist recall; visual recall,S06; S07; S09; S10; S27,Backlog
H016,SEM-016,OIOS,"One Idea, One Screen Rule","SEM-016 / OIOS — One Idea, One Screen Rule",SEM,Semantic / Compression,Semantic Compression,Rule / Mode,Pilot first,P0,Strong adjacent,Never show two unrelated ideas in one overlay event.,Respects working-memory limits.,Lower effort and better sequence recall.,Too many rapid swaps if script is dense.,Multi-idea vs one-idea overlay.,Effort; sequence recall,S06; S07; S09; S10; S27,Backlog
H017,SEM-017,GET,Gist vs Exact Mode Toggle,SEM-017 / GET — Gist vs Exact Mode Toggle,SEM,Semantic / Compression,Semantic Compression,Rule / Mode,Pilot first,P0,Strong adjacent,"Use gist overlay for retention, closed captions for exact speech.",Separates creative and accessibility functions.,Better overall satisfaction with accessibility preserved.,Requires platform support or extra production effort.,Full captions plus gist overlay vs overlay alone.,Preference; comprehension; access rating,S01; S05; S09; S10,Backlog
H018,SEM-018,AFC,Anti-Filler Captioning,SEM-018 / AFC — Anti-Filler Captioning,SEM,Semantic / Compression,Semantic Compression,Method,Pilot second,P1,Moderate adjacent,"Remove basically, actually, kind of, really, and redundant phrases.",Reduces visual noise.,Improved perceived clarity.,Overediting may alter speaker voice.,Auto-filler removal vs verbatim.,Effort; clarity rating,S06; S07; S09; S10; S27,Backlog
H019,SEM-019,CT,Certainty Tags,SEM-019 / CT — Certainty Tags,SEM,Semantic / Compression,Semantic Compression,Method,Explore later,P2,Speculative / direct test needed,"Mark claims as Rule, Hypothesis, Example, Warning, Tested.",Prevents overclaiming and adds epistemic clarity.,Higher trust and lower misinterpretation.,May feel academic or slow.,Claims with/without certainty tags.,Trust rating; misunderstanding rate,S06; S07; S09; S10; S27,Backlog
H020,SEM-020,QTA,Question-to-Answer Captions,SEM-020 / QTA — Question-to-Answer Captions,SEM,Semantic / Compression,Semantic Compression,Method,Pilot second,P1,Moderate adjacent,"Open with a concise question, answer one beat later.",Uses prediction and curiosity without clickbait.,Higher retention if payoff is fast.,Can feel manipulative if delayed.,Question-answer vs statement overlay.,3s hold; completion; trust,S06; S07; S09; S10; S27,Backlog
H021,TYP-001,BCA,Bionic Concept Anchors,TYP-001 / BCA — Bionic Concept Anchors,TYP,Typography / Anchors,Typography and Anchors,Anchor / Typography Component,Pilot first,P0,Weak / contested,Partially bold only key concept words after compression.,Tests whether partial-word anchors add anything after compression.,Small boost to recall or subjective clarity.,May add noise; bionic evidence weak.,Semantic compression vs BCC.,Gist recall; fixation count; preference,S08; S22; S23,Backlog
H022,TYP-002,FOA,Full-Word Operator Anchors,TYP-002 / FOA — Full-Word Operator Anchors,TYP,Typography / Anchors,Typography and Anchors,Anchor / Typography Component,Pilot first,P0,Moderate adjacent,"Bold full operator words: Not, Stop, First, Less.",Makes logical relation visible instantly.,Better contrast recall.,Overuse reduces salience.,Operator-bold vs no bold.,Contrast recall; fixation latency,S08; S09; S27; S28,Backlog
H023,TYP-003,SKH,Sparse Keyword Highlight,TYP-003 / SKH — Sparse Keyword Highlight,TYP,Typography / Anchors,Typography and Anchors,Anchor / Typography Component,Pilot first,P0,Strong adjacent,Highlight only 5–15% of displayed words.,Reduces search cost without turning everything salient.,Lower perceived effort.,Wrong keyword selection misguides attention.,Sparse vs dense highlight.,Effort; recall; gaze distribution,S08; S09,Backlog
H024,TYP-004,NM,Number Magnets,TYP-004 / NM — Number Magnets,TYP,Typography / Anchors,Typography and Anchors,Anchor / Typography Component,Pilot second,P1,Moderate adjacent,"Use distinct emphasis for numbers, percentages, steps, dates.",Numbers create decision hooks and are easy to remember.,Better exact recall for quantitative claims.,May create false precision bias.,Number-emphasis vs normal text.,Number recall; trust rating,S09; S28,Backlog
H025,TYP-005,SLB,Semantic Line Breaks,TYP-005 / SLB — Semantic Line Breaks,TYP,Typography / Anchors,Typography and Anchors,Anchor / Typography Component,Pilot second,P1,Strong adjacent,"Break lines by meaning, not by width alone.",Line breaks become parsing cues.,Better readability and lower effort.,Poor breaks hurt grammar comprehension.,Natural vs arbitrary line breaks.,Effort; reading completion,S02; S04; S09,Backlog
H026,TYP-006,DWC,Dual-Weight Captions,TYP-006 / DWC — Dual-Weight Captions,TYP,Typography / Anchors,Typography and Anchors,Anchor / Typography Component,Pilot second,P1,Moderate adjacent,"Normal weight for context, bold for decision word.",Creates hierarchy without color dependence.,Better scan speed and accessibility.,Too subtle on small screens.,Dual weight vs uniform weight.,First fixation to keyword; recall,S08; S28,Backlog
H027,TYP-007,AOD,Accent Only on Delta,TYP-007 / AOD — Accent Only on Delta,TYP,Typography / Anchors,Typography and Anchors,Anchor / Typography Component,Explore later,P2,Speculative / direct test needed,Highlight only what changes from old belief to new belief.,Maximizes semantic contrast.,Better reframe recall.,Requires accurate detection of old/new model.,Full highlight vs delta-only highlight.,Contrast recall,S08; S09; S22; S23; S28,Backlog
H028,TYP-008,DEF,De-Emphasis Fades,TYP-008 / DEF — De-Emphasis Fades,TYP,Typography / Anchors,Typography and Anchors,Anchor / Typography Component,Explore later,P2,Speculative / direct test needed,Dull background words and keep key terms high opacity.,Guides attention while preserving context.,May lower reading load.,Low opacity may fail contrast/accessibility.,Opacity fade vs bold highlight.,Recall; contrast compliance,S08; S28,Backlog
H029,TYP-009,CBU,Contrast Block Underlay,TYP-009 / CBU — Contrast Block Underlay,TYP,Typography / Anchors,Typography and Anchors,Anchor / Typography Component,Pilot second,P1,Strong adjacent,Place text on a stable capsule/plate over busy video.,Reduces crowding and background interference.,Higher readability in busy scenes.,May obscure visual content or look heavy.,Plate vs no plate on busy backgrounds.,Readability; visual recall,S15; S28,Backlog
H030,TYP-010,SOF,Stroke/Outline Fallback,TYP-010 / SOF — Stroke/Outline Fallback,TYP,Typography / Anchors,Typography and Anchors,Anchor / Typography Component,Pilot second,P1,Moderate adjacent,Use outline/shadow only when background contrast is unstable.,Maintains readability across frames.,Lower missed captions.,Can look noisy if too thick.,Outline vs capsule vs none.,Readability; aesthetic rating,S28; S15,Backlog
H031,TYP-011,SCC2,Semantic Color Coding,TYP-011 / SCC2 — Semantic Color Coding,TYP,Typography / Anchors,Typography and Anchors,Anchor / Typography Component,Explore later,P2,Moderate adjacent,"Assign stable colors to roles: problem, cause, fix.",Preattentive role recognition.,Better sequence recall.,Color alone is inaccessible; must pair with label/shape.,Role color+label vs label only.,Sequence recall; accessibility rating,S09; S28,Backlog
H032,TYP-012,SCST,Shape-Coded Status Tokens,TYP-012 / SCST — Shape-Coded Status Tokens,TYP,Typography / Anchors,Typography and Anchors,Anchor / Typography Component,Explore later,P2,Moderate adjacent,"Use small shapes/icons for warning, rule, action, proof.",Adds non-color semantic cue.,Faster role recognition.,Icons may distract or seem childish.,Icon+text vs text-only.,Role recognition time; preference,S09; S28,Backlog
H033,TYP-013,TTT,Typeface Trust Test,TYP-013 / TTT — Typeface Trust Test,TYP,Typography / Anchors,Typography and Anchors,Anchor / Typography Component,Explore later,P2,Speculative / direct test needed,"Compare clean sans, condensed bold, handwritten, meme style.",Typography may affect credibility and platform-native feel.,Different winning fonts by content type.,Aesthetic preference may mask comprehension.,Font variants with same text.,Trust; retention; recall,S21; S28,Backlog
H034,TYP-014,VWAR,Variable Weight Attention Ramp,TYP-014 / VWAR — Variable Weight Attention Ramp,TYP,Typography / Anchors,Typography and Anchors,Anchor / Typography Component,Explore later,P3,Speculative / direct test needed,Gradually increase weight on words as they become relevant.,Smooth cueing instead of sudden pop.,Better perceived smoothness.,Animation could distract.,Static bold vs weight ramp.,Smoothness; recall; gaze,S19; S28,Backlog
H035,TYP-015,CR,Capitalization Rhythm,TYP-015 / CR — Capitalization Rhythm,TYP,Typography / Anchors,Typography and Anchors,Anchor / Typography Component,Explore later,P2,Moderate adjacent,"Use case intentionally: title case for labels, sentence case for ideas.",Improves scan hierarchy.,Lower effort.,All-caps may reduce readability and feel shouty.,Case variants.,Effort; retention,S21; S28,Backlog
H036,TYP-016,PAT,Punctuation as Timing Cue,TYP-016 / PAT — Punctuation as Timing Cue,TYP,Typography / Anchors,Typography and Anchors,Anchor / Typography Component,Explore later,P2,Moderate adjacent,"Use periods, arrows, colons, and line breaks as rhythm markers.",Supports phrase parsing and temporal expectation.,Better phrase comprehension.,"TikTok-native styles may omit punctuation, conflicting with clarity.",Punctuated vs non-punctuated versions.,Comprehension; engagement,S21; S27,Backlog
H037,TYP-017,IWP,Icon+Word Pairing,TYP-017 / IWP — Icon+Word Pairing,TYP,Typography / Anchors,Typography and Anchors,Anchor / Typography Component,Explore later,P2,Moderate adjacent,"Pair a simple icon with a concept word: friction, trigger, proof.",Dual coding may aid memory if not decorative.,Improved delayed recall.,Icon mismatch confuses.,Word-only vs icon+word.,Delayed recall; confusion,S09; S10,Backlog
H038,TYP-018,BDG,Bionic Density Gradient,TYP-018 / BDG — Bionic Density Gradient,TYP,Typography / Anchors,Typography and Anchors,Anchor / Typography Component,Pilot first,P0,Weak / contested,"Test no bionic, one word bionic, all concepts bionic, all words bionic.",Find safe bionic dose.,Sparse bionic may win; heavy loses.,"If no effect, drop bionic component.",Dose-response bionic experiment.,Recall; saccades; effort,S22; S23,Backlog
H039,TYP-019,TSH,Trust-Safe Highlighting,TYP-019 / TSH — Trust-Safe Highlighting,TYP,Typography / Anchors,Typography and Anchors,Anchor / Typography Component,Explore later,P2,Speculative / direct test needed,Avoid styling that exaggerates uncertain claims.,Maintains credibility while cueing importance.,Higher trust in nuanced content.,May reduce hook strength.,Overstated vs trust-safe styling.,Trust; comprehension; comments,S08; S09; S22; S23; S28,Backlog
H040,TYP-020,ACAC,Accessible Contrast Auto-Check,TYP-020 / ACAC — Accessible Contrast Auto-Check,TYP,Typography / Anchors,Typography and Anchors,Anchor / Typography Component,Pilot first,P0,Strong adjacent,Auto-check caption/backplate contrast per frame.,Prevents unreadable overlays.,Fewer missed captions.,May force ugly backplates in complex frames.,Manual vs auto contrast corrected.,Readability; WCAG pass rate,S28; S15,Backlog
H041,TIM-001,PSP,Predictive Semantic Priming,TIM-001 / PSP — Predictive Semantic Priming,TIM,Timing / Rhythm,Timing and Rhythm,Timing Method,Pilot first,P0,Moderate adjacent,Show compressed meaning 200–400 ms before the speaker lands it.,Reduces prediction load and primes interpretation.,Better comprehension and smoother processing.,Too early feels spoiler-like or mismatched.,Pre-cue vs sync vs post-cue.,Gist recall; smoothness; effort,S09; S27; S29,Backlog
H042,TIM-002,SLSB,Sync-Locked Semantic Beat,TIM-002 / SLSB — Sync-Locked Semantic Beat,TIM,Timing / Rhythm,Timing and Rhythm,Timing Method,Pilot second,P1,Strong adjacent,Show the overlay exactly when the semantic beat is spoken.,Preserves audio-text relation.,Reliable baseline.,May be slightly late for fast comprehension.,Sync vs pre/post.,Comprehension; preference,S03; S04; S29,Backlog
H043,TIM-003,PCC,Post-Cue Confirmation,TIM-003 / PCC — Post-Cue Confirmation,TIM,Timing / Rhythm,Timing and Rhythm,Timing Method,Explore later,P2,Moderate adjacent,Display a summary immediately after the sentence.,Acts as recap rather than preview.,Better exact-to-gist consolidation.,Late text may miss retention window.,Post-cue vs sync.,Delayed recall; completion,S09; S29,Backlog
H044,TIM-004,PWC,Pause-Window Captioning,TIM-004 / PWC — Pause-Window Captioning,TIM,Timing / Rhythm,Timing and Rhythm,Timing Method,Pilot second,P1,Moderate adjacent,Place heavier text only during speech pauses or low-action moments.,Avoids competing with important audiovisual input.,Higher visual recall.,Pauses may be too rare in fast speech.,Same overlay during speech vs pauses.,Visual recall; effort,S05; S10; S18,Backlog
H045,TIM-005,BAC,Breath-Aligned Captions,TIM-005 / BAC — Breath-Aligned Captions,TIM,Timing / Rhythm,Timing and Rhythm,Timing Method,Explore later,P2,Speculative / direct test needed,Use natural speech breaths to segment caption events.,Matches human prosody and reduces rush.,Improved comfort and comprehension.,Breaths are hard to detect in noisy audio.,Breath-aligned vs uniform timing.,Comfort; completion,S03; S19,Backlog
H046,TIM-006,CLR,Cut-Locked Reveal,TIM-006 / CLR — Cut-Locked Reveal,TIM,Timing / Rhythm,Timing and Rhythm,Timing Method,Explore later,P2,Moderate adjacent,Reveal caption on visual cut or camera movement boundary.,Uses visual reset for attention capture.,Better noticing without extra motion.,Can compete with scene change if too much text.,Cut-locked vs mid-shot reveal.,First fixation; recall,S19; S29,Backlog
H047,TIM-007,MEG,Minimum Exposure Guardrail,TIM-007 / MEG — Minimum Exposure Guardrail,TIM,Timing / Rhythm,Timing and Rhythm,Timing Method,Pilot first,P0,Strong adjacent,No caption shorter than 0.8 sec except one-word impact beats.,Respects reading timing constraints.,Lower missed captions.,May slow fast content.,Min duration on/off variants.,Missed caption rate; effort,S03; S04; S06,Backlog
H048,TIM-008,MRR,Micro-Rest Rhythm,TIM-008 / MRR — Micro-Rest Rhythm,TIM,Timing / Rhythm,Timing and Rhythm,Timing Method,Pilot second,P1,Moderate adjacent,Insert brief no-text gaps between semantic beats.,Lets eyes return to video and reduces continuous reading.,Better visual recall and lower fatigue.,Gaps may lose muted viewers.,Continuous text vs micro-rest.,Visual recall; effort; completion,S05; S10; S26,Backlog
H049,TIM-009,ABS,Attentional-Blink Spacing,TIM-009 / ABS — Attentional-Blink Spacing,TIM,Timing / Rhythm,Timing and Rhythm,Timing Method,Explore later,P2,Moderate adjacent,Avoid presenting two critical words within 200–500 ms.,Prevents rapid target competition.,Better recall of second critical word.,May slow high-energy edits.,Critical words close vs spaced.,Second-keyword recall,S24; S29,Backlog
H050,TIM-010,TMD,Tempo-Matched Density,TIM-010 / TMD — Tempo-Matched Density,TIM,Timing / Rhythm,Timing and Rhythm,Timing Method,Pilot second,P1,Strong adjacent,Decrease word count as speech tempo rises.,Keeps reading load stable.,Better comprehension at fast speech.,May omit too much at high speed.,Fixed density vs tempo-adaptive.,Gist recall; effort,S04; S06,Backlog
H051,TIM-011,CRP,Caption Refractory Period,TIM-011 / CRP — Caption Refractory Period,TIM,Timing / Rhythm,Timing and Rhythm,Timing Method,Explore later,P2,Speculative / direct test needed,"After an emphasized word, hold visual quiet for a beat.",Gives consolidation time.,Better memory for highlighted term.,May feel slow.,Immediate next text vs refractory gap.,Keyword recall; completion,S24; S29,Backlog
H052,TIM-012,LFMS,Last-Frame Memory Stamp,TIM-012 / LFMS — Last-Frame Memory Stamp,TIM,Timing / Rhythm,Timing and Rhythm,Timing Method,Pilot second,P1,Moderate adjacent,Hold final takeaway for the last 0.8–1.5 sec.,Supports post-view recall and saves.,Higher save/share and delayed recall.,Can reduce loop smoothness.,With/without final stamp.,Delayed recall; saves,S03; S09,Backlog
H053,TIM-013,LCC,Loop Callback Caption,TIM-013 / LCC — Loop Callback Caption,TIM,Timing / Rhythm,Timing and Rhythm,Timing Method,Explore later,P2,Speculative / direct test needed,End with a phrase that reinterprets the opening hook.,Improves narrative closure and rewatch.,Higher completion and rewatch.,Can become manipulative if hook was weak.,Callback vs generic ending.,Completion; rewatch,S25,Backlog
H054,TIM-014,SAC,Speed-Adaptive Captions,TIM-014 / SAC — Speed-Adaptive Captions,TIM,Timing / Rhythm,Timing and Rhythm,Timing Method,Explore later,P3,Speculative / direct test needed,Detect playback speed or speech rate and adjust overlay density.,Personalizes load.,Better across fast/slow viewers.,Platform may not expose playback speed.,Manual fast/slow variants.,Comprehension by speech rate,S06; S30,Backlog
H055,TIM-015,OBS,On-Beat Silence,TIM-015 / OBS — On-Beat Silence,TIM,Timing / Rhythm,Timing and Rhythm,Timing Method,Explore later,P2,Moderate adjacent,"Use no text during important sounds, laughs, or music drops.",Prevents text from flattening audio moments.,Better enjoyment.,Muted viewers lose context unless captions provide sound cue.,Text during sound vs no text + sound cue.,Enjoyment; comprehension,S01; S05; S20,Backlog
H056,GAZ-001,MSC,Mouth-Safe Captioning,GAZ-001 / MSC — Mouth-Safe Captioning,GAZ,Placement / Gaze,Placement and Gaze,Placement Method,Pilot first,P0,Strong adjacent,Never cover the mouth during speech-heavy clips.,Protects audiovisual speech cues.,Better comprehension in noisy/audio-on conditions.,Less relevant when muted.,Mouth-covered vs mouth-safe overlay.,Comprehension; face dwell,S18; S32,Backlog
H057,GAZ-002,ESC,Eye-Safe Captioning,GAZ-002 / ESC — Eye-Safe Captioning,GAZ,Placement / Gaze,Placement and Gaze,Placement Method,Pilot second,P1,Moderate adjacent,Avoid covering eyes in emotional/storytelling clips.,Protects social/emotional information.,Better empathy and retention.,May reduce text placement options.,Eye-covered vs eye-safe.,Emotion recognition; completion,S20; S32,Backlog
H058,GAZ-003,ASC,Action-Safe Captioning,GAZ-003 / ASC — Action-Safe Captioning,GAZ,Placement / Gaze,Placement and Gaze,Placement Method,Pilot first,P0,Strong adjacent,"Avoid hands, products, joints, cursor, and key action path.",Prevents text from stealing task-critical visual information.,Better visual recall and task learning.,May require dynamic object tracking.,Action-covered vs action-safe.,Visual recall; task accuracy,S10; S14; S15,Backlog
H059,GAZ-004,ONL,Object-Near Labels,GAZ-004 / ONL — Object-Near Labels,GAZ,Placement / Gaze,Placement and Gaze,Placement Method,Pilot second,P1,Moderate adjacent,Place short labels next to the relevant object instead of bottom captions.,Reduces split attention and search.,Better tutorial comprehension.,Labels may crowd the object.,Bottom caption vs object-near labels.,Task recall; gaze travel,S13; S14,Backlog
H060,GAZ-005,USZT,UI-Safe Zone Templates,GAZ-005 / USZT — UI-Safe Zone Templates,GAZ,Placement / Gaze,Placement and Gaze,Placement Method,Pilot first,P0,Strong practical / direct test needed,Define TikTok/Reels/Shorts danger zones and avoid them.,Prevents platform interface collision.,Higher readability in feed context.,Safe zones vary by device/platform.,Bottom-fixed vs UI-safe placement.,Readability; occlusion rate,S02; S15; S28,Backlog
H061,GAZ-006,SAP,Saliency-Avoiding Placement,GAZ-006 / SAP — Saliency-Avoiding Placement,GAZ,Placement / Gaze,Placement and Gaze,Placement Method,Pilot second,P1,Moderate adjacent,Place text away from predicted high-saliency regions unless it is a label.,Reduces competition with visual content.,Better visual recall.,Low-saliency areas may be poor contrast.,Fixed vs saliency-aware placement.,Visual recall; gaze distribution,S12; S14,Backlog
H062,GAZ-007,MMP,Meaning-Map Placement,GAZ-007 / MMP — Meaning-Map Placement,GAZ,Placement / Gaze,Placement and Gaze,Placement Method,Pilot second,P1,Moderate adjacent,Place text where it supports the semantic region of the scene.,Combines semantic value with gaze tendencies.,Better comprehension than visually loud placement.,Meaning maps hard to automate.,Meaning-aware vs low-level saliency placement.,Gist recall; gaze alignment,S11; S12,Backlog
H063,GAZ-008,CAC,Crowding-Aware Captioning,GAZ-008 / CAC — Crowding-Aware Captioning,GAZ,Placement / Gaze,Placement and Gaze,Placement Method,Pilot first,P0,Strong adjacent,"Avoid placing text near other text, UI, or high-frequency background.",Reduces peripheral clutter interference.,Better readability.,May force bland layouts.,Crowded vs uncrowded placement.,Readability; effort,S15; S28,Backlog
H064,GAZ-009,NSC,Negative-Space Captions,GAZ-009 / NSC — Negative-Space Captions,GAZ,Placement / Gaze,Placement and Gaze,Placement Method,Pilot second,P1,Moderate adjacent,Use empty background regions for semantic overlays.,Increases contrast and reduces interference.,Higher readability and aesthetic rating.,Not every shot has negative space.,Negative space vs default bottom.,Readability; visual recall,S15; S28,Backlog
H065,GAZ-010,SZTH,Shoulder-Zone Talking Head Overlay,GAZ-010 / SZTH — Shoulder-Zone Talking Head Overlay,GAZ,Placement / Gaze,Placement and Gaze,Placement Method,Pilot second,P1,Speculative / direct test needed,"Place captions near upper chest/shoulder, away from mouth/eyes/UI.",Balances face access and text proximity.,Better than bottom captions for talking heads.,May cover gestures or clothing patterns.,Shoulder-zone vs lower-third.,Comprehension; mouth visibility,S18; S32,Backlog
H066,GAZ-011,SRTL,Screen-Recording Target Labels,GAZ-011 / SRTL — Screen-Recording Target Labels,GAZ,Placement / Gaze,Placement and Gaze,Placement Method,Pilot second,P1,Moderate adjacent,Place labels near the cursor/control being discussed.,Reduces split attention in UI tutorials.,Better procedural recall.,Can obscure UI targets.,Bottom captions vs target labels.,Task accuracy; gaze path,S10; S14,Backlog
H067,GAZ-012,PHC,Product Halo Captions,GAZ-012 / PHC — Product Halo Captions,GAZ,Placement / Gaze,Placement and Gaze,Placement Method,Explore later,P2,Speculative / direct test needed,Place short labels in a ring around product without covering it.,Keeps product visible while explaining attributes.,Better product recall.,Could look cluttered.,Halo labels vs caption block.,Attribute recall; visual recall,S14; S15,Backlog
H068,GAZ-013,FAP,Foveal Anchor + Peripheral Cue,GAZ-013 / FAP — Foveal Anchor + Peripheral Cue,GAZ,Placement / Gaze,Placement and Gaze,Placement Method,Explore later,P2,Moderate adjacent,Put readable text centrally; use peripheral arrows/icons for orientation.,Matches foveal/peripheral strengths.,Better orientation without peripheral reading burden.,Could increase visual complexity.,Text-only vs text+peripheral cue.,Gist recall; gaze travel,S31; S15,Backlog
H069,GAZ-014,DRAR,Dynamic Reflow Around ROI,GAZ-014 / DRAR — Dynamic Reflow Around ROI,GAZ,Placement / Gaze,Placement and Gaze,Placement Method,Pilot second,P1,Moderate adjacent,Move captions frame-by-frame around faces/hands/products.,Avoids visual obstruction dynamically.,Better across complex shots.,Movement itself may distract.,Static safe zone vs dynamic reflow.,Visual recall; distraction,S12; S13; S14,Backlog
H070,GAZ-015,STAP,Shot-Type-Aware Placement,GAZ-015 / STAP — Shot-Type-Aware Placement,GAZ,Placement / Gaze,Placement and Gaze,Placement Method,Pilot second,P1,Speculative / direct test needed,"Use different placement rules for talking head, demo, screen recording, story.",Matches visual task demands.,Higher across-category performance.,Requires accurate shot classification.,Generic vs shot-aware placement.,Comprehension by category,S12; S14,Backlog
H071,GAZ-016,SFC,Speaker-Following Captions,GAZ-016 / SFC — Speaker-Following Captions,GAZ,Placement / Gaze,Placement and Gaze,Placement Method,Explore later,P2,Moderate adjacent,Move text near active speaker in multi-speaker clips.,Reduces speaker identification cost.,Better dialogue attribution.,Motion may annoy frequent subtitle users.,Bottom captions vs speaker-following.,Speaker recall; user preference,S13; S14,Backlog
H072,GAZ-017,ELT,Eye-Line Triangle Rule,GAZ-017 / ELT — Eye-Line Triangle Rule,GAZ,Placement / Gaze,Placement and Gaze,Rule / Mode,Explore later,P2,Speculative / direct test needed,"Place overlay within triangle between speaker’s eyes, hands/object, and center.",Reduces gaze travel.,Lower saccade distance and effort.,Needs eye-tracking validation.,Triangle placement vs arbitrary.,Saccade distance; effort,S32; S14,Backlog
H073,GAZ-018,PCR,Platform Crop Repositioning,GAZ-018 / PCR — Platform Crop Repositioning,GAZ,Placement / Gaze,Placement and Gaze,Placement Method,Pilot second,P1,Strong practical / direct test needed,"Automatically reposition overlays for TikTok, Reels, Shorts, YouTube preview.",Prevents cross-platform occlusion.,Higher readability after reposting.,Requires platform templates.,Single export vs platform-specific exports.,Occlusion rate; retention by platform,S02; S28,Backlog
H074,GAZ-019,CCD,Caption Collision Detector,GAZ-019 / CCD — Caption Collision Detector,GAZ,Placement / Gaze,Placement and Gaze,Placement Method,Pilot first,P0,Strong practical / direct test needed,"Detect overlap with native captions, stickers, captions, and UI.",Prevents clutter stacking.,Higher readability.,False positives could restrict layout.,Manual vs auto collision check.,Collision count; readability,S15; S28,Backlog
H075,GAZ-020,GRW,Gaze Return Windows,GAZ-020 / GRW — Gaze Return Windows,GAZ,Placement / Gaze,Placement and Gaze,Placement Method,Explore later,P2,Moderate adjacent,"After text appears, reserve moments where nothing blocks the face/object.",Lets gaze return to visual information.,Better visual recall.,Muted viewers may need text continuity.,No-return vs return-window design.,Visual recall; gaze dwell,S05; S10; S13,Backlog
H076,KIN-001,LM,Logic Motion,KIN-001 / LM — Logic Motion,KIN,Motion / Kinetic,Motion and Kinetic Text,Motion Method,Pilot second,P1,Moderate adjacent,"Animate the relation: problem enters, cause connects, fix resolves.","Motion encodes structure, not decoration.",Better sequence recall.,Over-animation increases load.,Static vs logic motion.,Sequence recall; effort,S19; S09,Backlog
H077,KIN-002,DCM,Directional Causal Motion,KIN-002 / DCM — Directional Causal Motion,KIN,Motion / Kinetic,Motion and Kinetic Text,Motion Method,Explore later,P2,Speculative / direct test needed,Move cause toward effect with arrow/line animation.,Spatializes causality.,Better causal understanding.,Can look cheesy or busy.,Text-only vs directional cause animation.,Causal recall; transfer,S19,Backlog
H078,KIN-003,KCF,Kinetic Contrast Flip,KIN-003 / KCF — Kinetic Contrast Flip,KIN,Motion / Kinetic,Motion and Kinetic Text,Motion Method,Explore later,P2,Speculative / direct test needed,Visually flip from false belief to correction.,Makes reframe memorable.,Better contrast recall.,May distract from speaker.,Static contrast vs flip animation.,Contrast recall; distraction,S19; S27,Backlog
H079,KIN-004,FDA,Friction Drag Animation,KIN-004 / FDA — Friction Drag Animation,KIN,Motion / Kinetic,Motion and Kinetic Text,Motion Method,Explore later,P3,Speculative / direct test needed,Make the word friction move slowly or resist movement.,Embodied metaphor supports concept.,Higher memory for abstract terms.,Metaphor may be too literal.,Static concept vs metaphor motion.,Concept recall; preference,S19,Backlog
H080,KIN-005,SAA,Snap-to-Action Animation,KIN-005 / SAA — Snap-to-Action Animation,KIN,Motion / Kinetic,Motion and Kinetic Text,Motion Method,Explore later,P2,Speculative / direct test needed,Action word snaps into place when instruction lands.,Marks action moment.,Better action recall.,Can feel like generic social editing.,Static vs snap action.,Action recall; completion,S19,Backlog
H081,KIN-006,PRL,Progressive Reveal Ladder,KIN-006 / PRL — Progressive Reveal Ladder,KIN,Motion / Kinetic,Motion and Kinetic Text,Motion Method,Pilot second,P1,Strong adjacent,Reveal sequence vertically: cue → action → reward.,Segmenting supports working memory.,Better procedural recall.,Too slide-like for entertainment.,All-at-once vs progressive reveal.,Sequence recall; effort,S09; S19,Backlog
H082,KIN-007,MAS,Motion as Syntax,KIN-007 / MAS — Motion as Syntax,KIN,Motion / Kinetic,Motion and Kinetic Text,Motion Method,Explore later,P3,Speculative / direct test needed,"Use motion type to encode grammar: contrast slides apart, cause connects.",Creates visual grammar across videos.,Faster recognition after repeated exposure.,Requires audience learning.,Consistent grammar vs random motion.,Role recognition; long-term preference,S19; S27,Backlog
H083,KIN-008,MS,Motion Silence,KIN-008 / MS — Motion Silence,KIN,Motion / Kinetic,Motion and Kinetic Text,Motion Method,Pilot second,P1,Moderate adjacent,Keep key ideas static while less important transitions move.,Static becomes signal in a noisy platform.,Better focus on key phrases.,May feel low-energy.,Constant motion vs motion silence.,Recall; perceived quality,S19; S10,Backlog
H084,KIN-009,SMP,Single Micro-Pop,KIN-009 / SMP — Single Micro-Pop,KIN,Motion / Kinetic,Motion and Kinetic Text,Motion Method,Pilot second,P1,Moderate adjacent,Only one word pops per beat.,Captures attention without karaoke noise.,Better than every-word popping.,Wrong word pop harms comprehension.,One-pop vs all-word pop.,Keyword recall; effort,S08; S19,Backlog
H085,KIN-010,DKC,De-Karaoke Captions,KIN-010 / DKC — De-Karaoke Captions,KIN,Motion / Kinetic,Motion and Kinetic Text,Motion Method,Pilot first,P0,Strong adjacent,Replace active word-by-word highlighting with semantic beats for dense content.,Avoids forced tracking of every word.,Better gist and lower fatigue.,May reduce perceived energy.,Karaoke vs semantic beats.,Gist recall; effort,S06; S24,Backlog
H086,KIN-011,OAC,Object-Attached Captions,KIN-011 / OAC — Object-Attached Captions,KIN,Motion / Kinetic,Motion and Kinetic Text,Motion Method,Explore later,P2,Moderate adjacent,Caption moves with object or hand only when labeling it.,Maintains spatial binding.,Better tutorial comprehension.,Motion tracking failure distracts.,Attached label vs static caption.,Task recall; gaze path,S14; S19,Backlog
H087,KIN-012,GST,Gesture-Synced Text,KIN-012 / GST — Gesture-Synced Text,KIN,Motion / Kinetic,Motion and Kinetic Text,Motion Method,Pilot second,P1,Moderate adjacent,Reveal instruction exactly when hand gesture demonstrates it.,Aligns temporal/spatial cues.,Better procedural learning.,Mistimed sync harms clarity.,Gesture-sync vs off-sync.,Task accuracy; recall,S09; S29,Backlog
H088,KIN-013,ZBT,Zoom-Blocked Text,KIN-013 / ZBT — Zoom-Blocked Text,KIN,Motion / Kinetic,Motion and Kinetic Text,Motion Method,Explore later,P2,Speculative / direct test needed,Suppress text during major zoom/camera movement.,Prevents concurrent motion competition.,Lower visual fatigue.,May leave semantic gaps.,Text during zoom vs delayed text.,Effort; visual recall,S19; S15,Backlog
H089,KIN-014,IFC,Impact Freeze Caption,KIN-014 / IFC — Impact Freeze Caption,KIN,Motion / Kinetic,Motion and Kinetic Text,Motion Method,Explore later,P2,Speculative / direct test needed,Briefly freeze/slow frame for a complex takeaway.,Gives time to encode dense idea.,Higher recall for complex points.,Can reduce pacing/retention.,Normal speed vs freeze caption.,Recall; completion,S03; S09,Backlog
H090,KIN-015,MBS,Motion Budget Score,KIN-015 / MBS — Motion Budget Score,KIN,Motion / Kinetic,Motion and Kinetic Text,Rule / Mode,Pilot second,P1,Moderate adjacent,Limit animated overlay events per 10 seconds.,Keeps motion rare and meaningful.,"Lower fatigue, higher clarity.",Too low may feel flat on platforms.,Low/medium/high motion dose.,Effort; completion; recall,S19; S26,Backlog
H091,VLD-001,VLAW,Visual-Load Adaptive Word Count,VLD-001 / VLAW — Visual-Load Adaptive Word Count,VLD,Visual Load / Clutter,Visual Load and Clutter,Load-Control Method,Pilot first,P0,Strong adjacent,Use fewer overlay words when the frame is visually busy.,Balances visual-channel load.,Better comprehension in demos and complex scenes.,Can under-explain muted clips.,Fixed vs adaptive density.,Gist; visual recall; effort,S10; S15; S17,Backlog
H092,VLD-002,DML,Demo Minimal Labels,VLD-002 / DML — Demo Minimal Labels,VLD,Visual Load / Clutter,Visual Load and Clutter,Load-Control Method,Pilot second,P1,Moderate adjacent,"During demonstrations, show only verbs or labels: twist, lock, pull.",Preserves action visibility.,Better procedural recall.,Too sparse for novices.,Sentence captions vs labels in demo.,Task recall; completion,S10; S15,Backlog
H093,VLD-003,BBAP,Busy Background Auto-Plate,VLD-003 / BBAP — Busy Background Auto-Plate,VLD,Visual Load / Clutter,Visual Load and Clutter,Load-Control Method,Pilot second,P1,Strong adjacent,Add a soft plate behind text only when background is complex.,Improves readability with minimal obstruction.,Fewer missed captions.,Plate may cover important visuals.,Auto plate vs always/never plate.,Readability; aesthetic rating,S15; S28,Backlog
H094,VLD-004,BDW,Background Dimming Window,VLD-004 / BDW — Background Dimming Window,VLD,Visual Load / Clutter,Visual Load and Clutter,Load-Control Method,Explore later,P2,Moderate adjacent,Temporarily dim non-essential background behind text.,Reduces crowding and contrast problems.,Better text recognition.,May feel intrusive.,Dimming vs none.,Readability; immersion,S15; S28,Backlog
H095,VLD-005,VCS,Visual Complexity Score,VLD-005 / VCS — Visual Complexity Score,VLD,Visual Load / Clutter,Visual Load and Clutter,Load-Control Method,Pilot second,P1,Speculative / direct test needed,Compute frame-level complexity and use it to regulate overlay density.,Makes density adaptive and testable.,Better across mixed footage.,Complexity metric may not match human load.,Manual vs automated complexity rules.,Prediction accuracy; recall,S12; S15,Backlog
H096,VLD-006,CCD2,Caption Conflict Detector,VLD-006 / CCD2 — Caption Conflict Detector,VLD,Visual Load / Clutter,Visual Load and Clutter,Load-Control Method,Pilot first,P0,Strong practical / direct test needed,Detect when too many text layers exist simultaneously.,Prevents split attention and crowding.,Higher clarity.,May suppress useful labels.,Conflict detector on/off.,Text count; effort; recall,S10; S15,Backlog
H097,VLD-007,HMS,High-Motion Suppression,VLD-007 / HMS — High-Motion Suppression,VLD,Visual Load / Clutter,Visual Load and Clutter,Load-Control Method,Pilot second,P1,Moderate adjacent,Reduce caption animation and density during high visual motion.,Prevents competing motion streams.,Better visual recall.,Could miss key speech during action.,Motion-adaptive vs fixed overlay.,Visual recall; comprehension,S19; S15,Backlog
H098,VLD-008,STB,Simultaneous Text Budget,VLD-008 / STB — Simultaneous Text Budget,VLD,Visual Load / Clutter,Visual Load and Clutter,Rule / Mode,Pilot first,P0,Strong adjacent,Limit screen to one primary text block plus one micro-label.,Keeps working memory manageable.,Lower effort.,May constrain complex explanations.,Budgeted vs unbudgeted overlays.,Effort; recall,S10; S17,Backlog
H099,VLD-009,NCCC,Native Caption Conflict Checker,VLD-009 / NCCC — Native Caption Conflict Checker,VLD,Visual Load / Clutter,Visual Load and Clutter,Load-Control Method,Pilot first,P0,Strong practical / direct test needed,Avoid overlay collisions with platform auto-captions or imported captions.,Separates full caption layer and semantic layer.,Improves access and readability.,Platforms may render differently.,With/without conflict checking.,Occlusion; user complaints,S01; S02; S15,Backlog
H100,VLD-010,BPD,Background Pattern Detector,VLD-010 / BPD — Background Pattern Detector,VLD,Visual Load / Clutter,Visual Load and Clutter,Load-Control Method,Explore later,P2,Moderate adjacent,"Flag stripes, grids, leaves, and high-frequency textures behind text.",Crowding and contrast risk is high on patterned backgrounds.,Better readability after repositioning.,Detector may overflag.,Pattern-aware vs fixed placement.,Readability; failure rate,S15; S28,Backlog
H101,VLD-011,FLCC,Frame-Level Contrast Correction,VLD-011 / FLCC — Frame-Level Contrast Correction,VLD,Visual Load / Clutter,Visual Load and Clutter,Load-Control Method,Pilot first,P0,Strong adjacent,Auto adjust text/backplate contrast per frame.,Keeps readability stable across video.,Fewer unreadable moments.,Style may shift too much.,Static style vs auto-correct.,WCAG ratio; readability,S28,Backlog
H102,VLD-012,TDB,Text Dwell Budget,VLD-012 / TDB — Text Dwell Budget,VLD,Visual Load / Clutter,Visual Load and Clutter,Rule / Mode,Pilot second,P1,Speculative / direct test needed,Limit total seconds of on-screen text per 10 seconds of video.,Prevents turning video into reading task.,Better visual recall and lower fatigue.,Muted viewers may need more text.,Low/medium/high dwell budgets.,Visual recall; effort; muted comprehension,S05; S10; S26,Backlog
H103,VLD-013,DVG,Density by Viewer Goal,VLD-013 / DVG — Density by Viewer Goal,VLD,Visual Load / Clutter,Visual Load and Clutter,Load-Control Method,Explore later,P2,Speculative / direct test needed,"Use heavier overlays for learning clips, lighter for entertainment clips.",Matches intrinsic task demands.,Better category-specific performance.,Incorrect classification hurts.,Category-specific vs universal density.,Recall; retention by category,S10; S25,Backlog
H104,VLD-014,CSEF,Caption Safe Empty Frames,VLD-014 / CSEF — Caption Safe Empty Frames,VLD,Visual Load / Clutter,Visual Load and Clutter,Load-Control Method,Explore later,P2,Speculative / direct test needed,Intentionally reserve clean frames for text instead of adding text anywhere.,Production-level planning reduces clutter.,Better quality and readability.,Requires script/edit planning.,Planned empty frames vs reactive overlays.,Readability; production time,S15; S28,Backlog
H105,VLD-015,RFL,Readability Failure Log,VLD-015 / RFL — Readability Failure Log,VLD,Visual Load / Clutter,Visual Load and Clutter,Load-Control Method,Pilot second,P1,Strong practical / direct test needed,Annotate every point where a tester missed or struggled with text.,Creates iterative quality loop.,Fewer recurring failures.,Manual work needed.,No log vs failure-log revision.,Revision improvement rate,S28; S30,Backlog
H106,AUD-001,AUD,Audio-On Cue Mode,AUD-001 / AUD — Audio-On Cue Mode,AUD,Sound / Multimodal,Sound and Multimodal,Rule / Mode,Pilot second,P1,Strong adjacent,"When audio is expected, overlay only cues and structure, not full language.",Avoids redundancy overload.,Better visual recall with similar gist.,Fails if viewer is muted.,Audio-on cue vs full overlay.,Visual recall; gist,S05; S10,Backlog
H107,AUD-002,MFM,Muted-First Mode,AUD-002 / MFM — Muted-First Mode,AUD,Sound / Multimodal,Sound and Multimodal,Rule / Mode,Pilot first,P0,Strong adjacent,Overlay carries enough meaning without sound.,Supports sound-off viewing.,Better muted comprehension.,May be too much text for audio-on viewers.,Muted-first vs cue-mode.,Muted gist; effort,S05; S01,Backlog
H108,AUD-003,DLC,Dual-Layer Captioning,AUD-003 / DLC — Dual-Layer Captioning,AUD,Sound / Multimodal,Sound and Multimodal,Multimodal Method,Pilot first,P0,Strong adjacent,Full closed captions plus separate semantic overlay.,Preserves accessibility while enabling retention design.,Best overall access + gist.,Can create clutter if poorly placed.,Closed captions only vs dual-layer.,Access rating; gist; clutter,S01; S02; S05,Backlog
H109,AUD-004,NSS,Non-Speech Sound Cues,AUD-004 / NSS — Non-Speech Sound Cues,AUD,Sound / Multimodal,Sound and Multimodal,Multimodal Method,Pilot first,P0,Strong requirement,"Show [laughter], [music rises], [door slam] only when meaningful.",Captions include meaningful audio context.,Better DHH access and story context.,Too many cues distract.,With/without sound cues.,Comprehension; access rating,S01; S03,Backlog
H110,AUD-005,PAE,Prosody-Aware Emphasis,AUD-005 / PAE — Prosody-Aware Emphasis,AUD,Sound / Multimodal,Sound and Multimodal,Multimodal Method,Explore later,P2,Moderate adjacent,Map speaker emphasis/intensity to controlled text weight or motion.,Captures tone without excessive animation.,Better emotion/tone recognition.,Over-styling reduces clarity.,Prosody-aware vs uniform captions.,Tone recognition; effort,S20; S34,Backlog
H111,AUD-006,SAE,Silence as Emphasis,AUD-006 / SAE — Silence as Emphasis,AUD,Sound / Multimodal,Sound and Multimodal,Multimodal Method,Explore later,P2,Speculative / direct test needed,"Use no overlay during silence or facial reaction, then land a short caption.",Protects emotional beats.,Better engagement and affect recognition.,Muted viewers may need context.,Continuous caption vs silence+payoff.,Engagement; tone recall,S20; S32,Backlog
H112,AUD-007,ACT,Audio Clarity Trigger,AUD-007 / ACT — Audio Clarity Trigger,AUD,Sound / Multimodal,Sound and Multimodal,Multimodal Method,Pilot second,P1,Moderate adjacent,"If background music/noise is high, increase caption completeness.",Compensates when speech is hard to hear.,Better comprehension in noisy clips.,May overload visuals unnecessarily.,Clean vs noisy audio variants.,Comprehension; effort,S05; S18,Backlog
H113,AUD-008,RRC,Rhythm-Respecting Captions,AUD-008 / RRC — Rhythm-Respecting Captions,AUD,Sound / Multimodal,Sound and Multimodal,Multimodal Method,Explore later,P2,Speculative / direct test needed,Avoid text changes on every music beat unless text is music/lyric content.,Prevents text from becoming percussion.,Lower fatigue in non-music clips.,May reduce platform-native energy.,Beat-synced vs semantic-synced.,Effort; recall,S19,Backlog
H114,AUD-009,TI,Tone Icons,AUD-009 / TI — Tone Icons,AUD,Sound / Multimodal,Sound and Multimodal,Multimodal Method,Explore later,P3,Speculative / direct test needed,"Use small icons for sarcasm, warning, encouragement only when tone is ambiguous.",Adds affective context without long text.,Better tone interpretation.,Icons can trivialize serious content.,Tone icon vs none.,Tone accuracy; preference,S20; S34,Backlog
H115,AUD-010,HCV,Haptic Caption Variant,AUD-010 / HCV — Haptic Caption Variant,AUD,Sound / Multimodal,Sound and Multimodal,Multimodal Method,Explore later,P3,Speculative / cutting-edge,"For AR/wearables, use vibration patterns for emotion or emphasis.",Multimodal cueing for accessibility.,Better affective access in DHH contexts.,Not relevant to normal TikTok yet.,Lab prototype with haptic cues.,Tone recognition; workload,S34; S33,Backlog
H116,MEM-001,RPC,Retrieval Prompt Caption,MEM-001 / RPC — Retrieval Prompt Caption,MEM,Memory / Learning,Memory and Learning,Learning Method,Pilot second,P1,Strong adjacent,Ask a 1-question recall prompt at the end: What reduces friction?,Retrieval strengthens memory and reveals comprehension.,Higher delayed recall.,Prompts may reduce entertainment value.,Prompt vs no prompt.,Delayed recall; saves,S09; S17,Backlog
H117,MEM-002,PP,Prediction Prompt,MEM-002 / PP — Prediction Prompt,MEM,Memory / Learning,Memory and Learning,Learning Method,Explore later,P2,Moderate adjacent,"Before solution, ask viewer to predict cause/fix.",Engages active processing.,Better retention if answer arrives fast.,May annoy viewers seeking quick answer.,Prediction vs direct answer.,Recall; completion,S09; S29,Backlog
H118,MEM-003,QCE,Quick Check End Card,MEM-003 / QCE — Quick Check End Card,MEM,Memory / Learning,Memory and Learning,Learning Method,Explore later,P2,Moderate adjacent,End with micro quiz: Motivation or structure?,Forces contrast recall.,Higher memory and comments.,May feel classroom-like.,Quiz vs memory phrase.,Delayed recall; comments,S09,Backlog
H119,MEM-004,SRAS,Spaced Recap Across Series,MEM-004 / SRAS — Spaced Recap Across Series,MEM,Memory / Learning,Memory and Learning,Learning Method,Explore later,P2,Strong adjacent,Repeat same memory phrase across multiple videos with variation.,Spaced exposure strengthens schema.,Better long-term recognition.,May feel repetitive.,Series with/without recurring phrase.,Delayed recognition; follower retention,S09,Backlog
H120,MEM-005,TBSM,Three-Beat Schema Map,MEM-005 / TBSM — Three-Beat Schema Map,MEM,Memory / Learning,Memory and Learning,Learning Method,Pilot second,P1,Strong adjacent,Always use a small visual map: Problem → Cause → Fix.,Builds reusable cognitive scaffold.,Better sequence recall.,Can become predictable.,Map vs no map.,Sequence recall; save rate,S09; S17,Backlog
H121,MEM-006,WEF,Worked-Example Fade,MEM-006 / WEF — Worked-Example Fade,MEM,Memory / Learning,Memory and Learning,Learning Method,Explore later,P3,Moderate adjacent,"Start with full labels, then fade to minimal cues as viewer learns.",Supports novice-to-expert transition.,Better learning across repeated clips.,Requires sequence of content.,Full labels vs fading labels over series.,Transfer; fatigue,S09; S10,Backlog
H122,MEM-007,ANA,Analogy Overlay,MEM-007 / ANA — Analogy Overlay,MEM,Memory / Learning,Memory and Learning,Learning Method,Explore later,P2,Moderate adjacent,Add one compressed analogy for abstract ideas.,Concrete mapping helps memory.,Better delayed recall for abstract concepts.,Bad analogies mislead.,Analogy vs definition.,Delayed recall; transfer,S09,Backlog
H123,MEM-008,MCM,Mini Concept Map,MEM-008 / MCM — Mini Concept Map,MEM,Memory / Learning,Memory and Learning,Learning Method,Explore later,P2,Moderate adjacent,Show 2–4 nodes connected during complex explanations.,Externalizes relations.,Better comprehension of multi-part ideas.,May crowd small screen.,Concept map vs captions.,Relation recall; effort,S09; S15,Backlog
H124,MEM-009,BAS,Before/After State Card,MEM-009 / BAS — Before/After State Card,MEM,Memory / Learning,Memory and Learning,Learning Method,Explore later,P2,Speculative / direct test needed,Show old state → new state visually/textually.,Encodes transformation.,Better motivation and recall.,Oversimplifies gradual changes.,Before/after vs regular caption.,Recall; perceived usefulness,S09; S10; S17; S27; S30,Backlog
H125,MEM-010,ARP,Active Recall Pause,MEM-010 / ARP — Active Recall Pause,MEM,Memory / Learning,Memory and Learning,Learning Method,Explore later,P2,Moderate adjacent,Pause briefly after an instruction before giving answer/example.,Creates retrieval opportunity.,Improved memory.,May lower retention if too slow.,Pause vs no pause.,Delayed recall; completion,S09; S29,Backlog
H126,MEM-011,SALS,Save Cue as Learning Signal,MEM-011 / SALS — Save Cue as Learning Signal,MEM,Memory / Learning,Memory and Learning,Learning Method,Explore later,P2,Speculative / direct test needed,"Use a save-worthy rule card, not a begging call-to-action.",Memory object + utility.,Higher saves without cheap engagement.,Can feel manipulative if overused.,Rule card vs generic CTA.,Saves; recall,S25,Backlog
H127,MEM-012,MC,Mnemonic Compression,MEM-012 / MC — Mnemonic Compression,MEM,Memory / Learning,Memory and Learning,Learning Method,Explore later,P3,Speculative / direct test needed,Turn takeaways into memorable parallel structures or rhymes.,Phonological/structural memory support.,Better delayed recall.,Can sound gimmicky.,Mnemonic vs plain takeaway.,Delayed recall; shares,S09; S27,Backlog
H128,MEM-013,ACO,Action Checklist Overlay,MEM-013 / ACO — Action Checklist Overlay,MEM,Memory / Learning,Memory and Learning,Learning Method,Pilot second,P1,Moderate adjacent,Convert advice into 2–3 checklist items at end.,Supports implementation.,Higher action recall.,Too much text at end.,Checklist vs memory phrase.,Action recall; saves,S09; S17,Backlog
H129,MEM-014,EDM,Error Diagnosis Matrix,MEM-014 / EDM — Error Diagnosis Matrix,MEM,Memory / Learning,Memory and Learning,Learning Method,Explore later,P3,Speculative / direct test needed,Show two-axis quick diagnosis: effort high / clarity low.,Helps viewer categorize problem.,Better transfer to self-context.,Too complex for small screen.,Matrix vs plain explanation.,Transfer; effort,S17; S15,Backlog
H130,MEM-015,ENF,Example-Nonexample Flip,MEM-015 / ENF — Example-Nonexample Flip,MEM,Memory / Learning,Memory and Learning,Learning Method,Explore later,P2,Moderate adjacent,Quickly contrast a wrong and right execution.,Boundary learning.,Better transfer.,Requires visuals to match text.,Example-only vs example/nonexample.,Transfer; task accuracy,S09; S10,Backlog
H131,ACC-001,CCP,Closed-Caption Preservation Rule,ACC-001 / CCP — Closed-Caption Preservation Rule,ACC,Personalization / Access,Accessibility and Personalization,Rule / Mode,Pilot first,P0,Strong requirement,Always keep full captions available when using creative overlays.,Separates accessibility from retention styling.,Avoids excluding DHH/muted viewers.,Platform support may vary.,User tests with overlay only vs dual layer.,Access rating; comprehension,S01; S02,Backlog
H132,ACC-002,LSM,L2 Simplified Mode,ACC-002 / LSM — L2 Simplified Mode,ACC,Personalization / Access,Accessibility and Personalization,Rule / Mode,Explore later,P2,Moderate adjacent,Use simpler vocabulary and more context for second-language viewers.,Reduces language processing burden.,Better L2 comprehension.,May feel too simple for natives.,Native vs L2-tailored captions.,L2 gist; effort,S07; S10,Backlog
H133,ACC-003,ESM,Expert Shorthand Mode,ACC-003 / ESM — Expert Shorthand Mode,ACC,Personalization / Access,Accessibility and Personalization,Rule / Mode,Explore later,P2,Moderate adjacent,Use domain shorthand for expert audiences.,Reduces unnecessary explanation.,Higher retention for expert clips.,Novices get lost.,Expert vs novice overlay versions.,Comprehension by expertise,S10; S17,Backlog
H134,ACC-004,NLM,Novice Label Mode,ACC-004 / NLM — Novice Label Mode,ACC,Personalization / Access,Accessibility and Personalization,Rule / Mode,Pilot second,P1,Strong adjacent,Add labels for unfamiliar concepts before compressing heavily.,Builds pretraining/context.,Better beginner comprehension.,More text load.,Labels vs no labels for beginners.,Beginner gist; effort,S09; S10,Backlog
H135,ACC-005,DFV,Dyslexia-Friendly Variant Test,ACC-005 / DFV — Dyslexia-Friendly Variant Test,ACC,Personalization / Access,Accessibility and Personalization,Access / Personalization Method,Explore later,P3,Speculative / direct test needed,"Compare bionic, LARF-like annotation, spacing, and plain compression for dyslexic viewers.",Different readability interventions may help specific groups.,Identify subgroup-specific winners.,Risk of overclaiming without subgroup testing.,Dyslexic participants by overlay type.,Reading ease; comprehension,S22; S23,Backlog
H136,ACC-006,LMM,Low-Motion Mode,ACC-006 / LMM — Low-Motion Mode,ACC,Personalization / Access,Accessibility and Personalization,Rule / Mode,Pilot second,P1,Moderate adjacent,Provide a static/low-animation overlay for viewers sensitive to motion.,Reduces distraction/fatigue.,Better perceived comfort.,May reduce platform energy.,Static vs kinetic variants.,Comfort; retention,S19; S26,Backlog
H137,ACC-007,OVD,Older Viewer Duration Mode,ACC-007 / OVD — Older Viewer Duration Mode,ACC,Personalization / Access,Accessibility and Personalization,Rule / Mode,Explore later,P2,Speculative / direct test needed,Increase caption duration and font size for older viewers.,Accounts for slower visual processing/reading needs.,Better readability.,May slow pacing.,Standard vs longer/larger captions.,Readability; effort,S03; S28,Backlog
H138,ACC-008,CBSC,Color-Blind Safe Coding,ACC-008 / CBSC — Color-Blind Safe Coding,ACC,Personalization / Access,Accessibility and Personalization,Access / Personalization Method,Pilot first,P0,Strong requirement,Never rely on color alone; pair with labels/icons/shape.,Accessibility and robustness.,Fewer interpretation errors.,More visual elements may clutter.,Color-only vs color+label.,Role identification; access rating,S28,Backlog
H139,ACC-009,RSA,Reader-Speed Adaptive Mode,ACC-009 / RSA — Reader-Speed Adaptive Mode,ACC,Personalization / Access,Accessibility and Personalization,Rule / Mode,Explore later,P3,Speculative / future,Allow overlays to persist longer or simplify if viewer often pauses/rewatches.,Personalizes load.,Better comprehension for slower readers.,Platform data may be inaccessible.,Manual slow/fast versions.,Comprehension by reading speed,S06; S16,Backlog
H140,ACC-010,VSA,Viewer-State Adaptive Mode,ACC-010 / VSA — Viewer-State Adaptive Mode,ACC,Personalization / Access,Accessibility and Personalization,Rule / Mode,Explore later,P3,Speculative / future,"Switch overlay mode based on audio-on/off, device, language, and content category.",Matches processing situation.,Higher performance across contexts.,Requires platform signals/AI.,Static vs adaptive modes.,Gist; effort; retention,S05; S30,Backlog
H141,AIA-001,SBE,Semantic Beat Extractor,AIA-001 / SBE — Semantic Beat Extractor,AIA,AI / Adaptive,AI and Adaptive Systems,System Module,Pilot second,P1,Speculative / direct test needed,"LLM extracts proposition, role, and beat boundaries from transcript.",Automates compression pipeline.,Faster production and consistent structure.,LLM may hallucinate or distort meaning.,Human vs AI beat extraction.,Edit distance; accuracy; time saved,S09; S30,Backlog
H142,AIA-002,GEN,Overlay Variant Generator,AIA-002 / GEN — Overlay Variant Generator,AIA,AI / Adaptive,AI and Adaptive Systems,System Module,Pilot second,P1,Strong practical / direct test needed,"Auto-generates transcript, keyword, compression, BCC, BCC+, and controls.",Speeds A/B testing.,More experiments per clip.,Quality depends on prompts/rules.,Manual vs generated variants.,Production time; quality score,S11; S12; S14; S30; S31,Backlog
H143,AIA-003,SHP,Saliency Heatmap Placement,AIA-003 / SHP — Saliency Heatmap Placement,AIA,AI / Adaptive,AI and Adaptive Systems,Adaptive System,Pilot second,P1,Moderate adjacent,Predict likely gaze heatmaps and avoid high-conflict zones.,Automates gaze-safe placement.,Better visual recall and fewer occlusions.,Saliency may not equal semantic importance.,Fixed vs saliency-aware placement.,Visual recall; occlusion rate,S12; S14,Backlog
H144,AIA-004,FMHO,Face/Mouth/Hand/Object Detector,AIA-004 / FMHO — Face/Mouth/Hand/Object Detector,AIA,AI / Adaptive,AI and Adaptive Systems,System Module,Pilot first,P0,Strong practical / direct test needed,Detect visual regions that should not be covered.,Automates safe zones.,Fewer obstruction failures.,Detection errors in motion/low light.,Manual vs CV safe-zone detection.,Occlusion errors; readability,S14; S18; S32,Backlog
H145,AIA-005,VLP,Visual Load Predictor,AIA-005 / VLP — Visual Load Predictor,AIA,AI / Adaptive,AI and Adaptive Systems,System Module,Pilot second,P1,Speculative / direct test needed,Estimate per-frame visual complexity to choose word count.,Controls visual-channel load.,Better comprehension in busy scenes.,Metric may not match human load.,Human-coded vs model-coded load.,Prediction validity; recall,S12; S15,Backlog
H146,AIA-006,GSWE,Gaze Simulation Without Eye Tracker,AIA-006 / GSWE — Gaze Simulation Without Eye Tracker,AIA,AI / Adaptive,AI and Adaptive Systems,Adaptive System,Explore later,P2,Speculative / direct test needed,Use saliency/meaning maps to simulate likely gaze conflict.,Low-cost proxy for early testing.,Catches major layout failures.,Cannot replace real gaze data.,Model score vs user gaze subset.,Correlation with gaze/errors,S11; S12,Backlog
H147,AIA-007,ABG,Automatic A/B Generator,AIA-007 / ABG — Automatic A/B Generator,AIA,AI / Adaptive,AI and Adaptive Systems,System Module,Pilot second,P1,Strong practical / direct test needed,Generate and track variants across platforms.,Creates evidence loop at scale.,Faster learning and optimization.,Platform algorithms confound results.,Randomized content batches.,Variant lift; confidence intervals,S25,Backlog
H148,AIA-008,BRAS,BCC+ Rubric Auto-Scorer,AIA-008 / BRAS — BCC+ Rubric Auto-Scorer,AIA,AI / Adaptive,AI and Adaptive Systems,System Module,Pilot second,P1,Moderate adjacent,"Score compression, anchors, placement, load, contrast, muted clarity.",Standardizes human review.,Better pre-publication quality.,Scores may reward rules over outcomes.,Rubric vs no rubric production.,Failure rate; pilot performance,S02; S09; S28,Backlog
H149,AIA-009,PSZT,Platform Safe-Zone Templates,AIA-009 / PSZT — Platform Safe-Zone Templates,AIA,AI / Adaptive,AI and Adaptive Systems,Adaptive System,Pilot first,P0,Strong practical / direct test needed,Reusable templates for TikTok/Reels/Shorts/Stories UI zones.,Prevents UI occlusion.,Higher readability across platforms.,UI changes often.,Template vs manual export.,Occlusion rate by platform,S02; S28,Backlog
H150,AIA-010,CRO,Compression Ratio Optimizer,AIA-010 / CRO — Compression Ratio Optimizer,AIA,AI / Adaptive,AI and Adaptive Systems,System Module,Explore later,P2,Speculative / future,Suggest percent transcript to display based on speech rate/visual load.,Data-driven text density.,Closer to optimal workload.,Needs pilot data.,Heuristic vs learned optimizer.,Gist/effort efficiency,S06; S07; S10,Backlog
H151,AIA-011,RWET,Remote Webcam Eye-Tracking Pilot,AIA-011 / RWET — Remote Webcam Eye-Tracking Pilot,AIA,AI / Adaptive,AI and Adaptive Systems,Adaptive System,Explore later,P3,Speculative / direct test needed,Use webcam gaze estimation for rough large-sample placement tests.,Scales beyond lab eye-tracking.,Cheap gaze proxy.,Lower accuracy than lab hardware.,Webcam vs self-report vs subset eye tracker.,Gaze estimates; recall,S30,Backlog
H152,AIA-012,MPFE,Meaning-Per-Fixation Estimator,AIA-012 / MPFE — Meaning-Per-Fixation Estimator,AIA,AI / Adaptive,AI and Adaptive Systems,Adaptive System,Explore later,P3,Speculative / future,Combine recall results and gaze/text dwell to estimate efficiency.,"Optimizes for cognitive value, not watch time alone.",Better metric alignment.,Requires eye/gaze data.,Estimate vs actual recall.,Predictive validity,S30; S11,Backlog
H153,AIA-013,AR,Adaptive Renderer,AIA-013 / AR — Adaptive Renderer,AIA,AI / Adaptive,AI and Adaptive Systems,System Module,Explore later,P2,Speculative / future,Renders overlays based on detected shot type and visual load.,Turns research into production system.,Consistent scalable output.,May create unnatural movement/style.,Manual vs adaptive renderer.,Quality; retention; revision count,S12; S14,Backlog
H154,AIA-014,HLE,Human-in-the-Loop Editor,AIA-014 / HLE — Human-in-the-Loop Editor,AIA,AI / Adaptive,AI and Adaptive Systems,Adaptive System,Pilot first,P0,Strong practical / direct test needed,"AI proposes; editor approves proposition, anchor, placement, timing.",Balances speed with correctness.,Fewer hallucinations than full automation.,Still requires training/editor time.,AI-only vs human-in-loop.,Accuracy; time saved,S30,Backlog
H155,AIA-015,SRNG,Source/Risk Note Generator,AIA-015 / SRNG — Source/Risk Note Generator,AIA,AI / Adaptive,AI and Adaptive Systems,System Module,Explore later,P2,Speculative / direct test needed,"For research/health/finance clips, overlay flags if claim is advice, evidence, or speculation.",Reduces misinformation risk.,Higher trust and fewer overclaims.,May reduce punchiness.,No risk note vs risk-tagged version.,Trust; comments; comprehension,S11; S12; S14; S30; S31,Backlog
H156,RET-001,HOO,Hook Card,RET-001 / HOO — Hook Card,RET,Platform / Retention,Platform Retention,Retention Method,Pilot first,P0,Moderate adjacent,Use first 0.5–1.5 sec as a semantic promise.,Reduces early uncertainty and stops scroll.,Higher 1s/3s hold.,Clickbait if promise not delivered.,Hook card vs no hook card.,1s/3s hold; comments sentiment,S25; S21,Backlog
H157,RET-002,FPR,Fast Payoff Rule,RET-002 / FPR — Fast Payoff Rule,RET,Platform / Retention,Platform Retention,Rule / Mode,Pilot first,P0,Moderate adjacent,Deliver the first useful idea within 2–3 seconds.,Feeds reward prediction without deception.,Higher retention and trust.,Can compress too aggressively.,Delayed payoff vs fast payoff.,3s hold; completion; trust,S25,Backlog
H158,RET-003,OLER,Open-Loop With Early Resolution,RET-003 / OLER — Open-Loop With Early Resolution,RET,Platform / Retention,Platform Retention,Retention Method,Pilot second,P1,Speculative / direct test needed,"Open a gap, resolve quickly, then deepen.",Balances curiosity and cognitive comfort.,Better completion than delayed tease.,Too much tease lowers trust.,Delayed open-loop vs early-resolution.,Completion; trust,S25,Backlog
H159,RET-004,PMM,Progress Marker Microbar,RET-004 / PMM — Progress Marker Microbar,RET,Platform / Retention,Platform Retention,Retention Method,Explore later,P2,Moderate adjacent,Show Problem → Cause → Fix progress.,Reduces uncertainty about where video is going.,Higher completion for explainers.,UI clutter if overused.,With/without progress marker.,Completion; effort,S09; S25,Backlog
H160,RET-005,CC,Chapter Chips,RET-005 / CC — Chapter Chips,RET,Platform / Retention,Platform Retention,Retention Method,Explore later,P2,Moderate adjacent,"Tiny labels for 30–90s clips: Setup, Mistake, Fix, Rule.",Orient viewer over longer short-form.,Better retention in longer clips.,Too much structure for comedy.,Chapter chips vs none.,Completion; sequence recall,S09; S25,Backlog
H161,RET-006,PAY,Payoff Card,RET-006 / PAY — Payoff Card,RET,Platform / Retention,Platform Retention,Retention Method,Pilot second,P1,Moderate adjacent,Use final screen as a self-contained takeaway or checklist.,Creates save/share object.,Higher saves and delayed recall.,May reduce natural loop.,Payoff card vs normal ending.,Saves; recall,S09; S25,Backlog
H162,RET-007,CERP,Comment-Eliciting Recall Prompt,RET-007 / CERP — Comment-Eliciting Recall Prompt,RET,Platform / Retention,Platform Retention,Retention Method,Explore later,P2,Speculative / direct test needed,Ask a non-trivial answer prompt tied to video concept.,Turns engagement into retrieval.,Higher comments and recall.,Can look engagement-bait.,Recall prompt vs CTA.,Comment quality; recall,S09; S25,Backlog
H163,RET-008,PNT,Platform-Native Typography Variant,RET-008 / PNT — Platform-Native Typography Variant,RET,Platform / Retention,Platform Retention,Retention Method,Explore later,P2,Emerging direct evidence,Test clean professional vs TikTok-native emoji/non-standard style.,Matches audience expectations.,Higher engagement for some categories.,Can reduce professionalism/accessibility.,Clean vs native style.,Engagement; trust; comprehension,S21; S28,Backlog
H164,RET-009,SRMR,Scroll-Rescue Midpoint Reset,RET-009 / SRMR — Scroll-Rescue Midpoint Reset,RET,Platform / Retention,Platform Retention,Retention Method,Explore later,P2,Speculative / direct test needed,"At 40–60%, add a new semantic hook or map update.",Prevents attention decay.,Higher completion.,Feels artificial if not content-driven.,Midpoint reset vs none.,Completion curve; rewatch,S25,Backlog
H165,RET-010,LCE,Loop-Compatible Ending,RET-010 / LCE — Loop-Compatible Ending,RET,Platform / Retention,Platform Retention,Retention Method,Explore later,P2,Speculative / direct test needed,End with text that connects to first frame without hiding final meaning.,Encourages rewatch while preserving clarity.,Higher rewatch.,May annoy if obvious.,Loop ending vs hard stop.,Rewatch; recall,S25,Backlog
H166,RET-011,ERF,Ethical Retention Filter,RET-011 / ERF — Ethical Retention Filter,RET,Platform / Retention,Platform Retention,Retention Method,Pilot first,P0,Speculative / governance,Reject overlays that increase watch time by confusion instead of clarity.,Optimizes for useful attention.,Better trust and long-term audience quality.,Hard to quantify.,Qualitative review + retention metrics.,Clarification comments; trust,S25; S30,Backlog
H167,CTL-001,FTO,Full Transcript Overlay,CTL-001 / FTO — Full Transcript Overlay,CTL,Negative Control,Controls and Failure Modes,Control / Baseline,Experiment control,P0,Control,Use complete burned-in transcript as baseline.,Baseline for exact wording and accessibility-adjacent display.,"Best exact recall, worse visual efficiency.",May overload visual channel.,Compare against compression/BCC.,Exact recall; effort,S01; S06; S10,Backlog
H168,CTL-002,KHT,Keyword Highlight Transcript,CTL-002 / KHT — Keyword Highlight Transcript,CTL,Negative Control,Controls and Failure Modes,Control / Baseline,Experiment control,P0,Control,Highlight important words inside full transcript.,Commercial-style baseline.,Moderate improvement over full transcript.,Still contains too many words.,Compare to semantic compression.,Gist; effort,S08; S09,Backlog
H169,CTL-003,WWDC,Word-by-Word Dynamic Caption,CTL-003 / WWDC — Word-by-Word Dynamic Caption,CTL,Negative Control,Controls and Failure Modes,Control / Baseline,Experiment control,P0,Control,Active word highlight following speech.,Common creator-tool baseline.,May perform well for rhythm; worse for learning.,Forces tracking every word.,Compare to semantic beats.,Gist; fatigue,S19; S24,Backlog
H170,CTL-004,HBF,Heavy Bionic Formatting,CTL-004 / HBF — Heavy Bionic Formatting,CTL,Negative Control,Controls and Failure Modes,Control / Baseline,Experiment control,P0,Negative control,Apply bionic partial bolding to most words.,Tests whether heavy bionic hurts.,Likely underperforms sparse anchors.,Can look novel but noisy.,Compare to BCC and compression.,Recall; saccades; effort,S22; S23,Backlog
H171,CTL-005,ROW,RSVP One-Word Captions,CTL-005 / ROW — RSVP One-Word Captions,CTL,Negative Control,Controls and Failure Modes,Control / Baseline,Experiment control,P1,Negative control,One word at a time in same spot.,Tests speed-reading style in video context.,Likely weak for comprehension.,Suppresses parafoveal context/rereading.,Compare to semantic beats.,Comprehension; fatigue,S24,Backlog
H172,CTL-006,CKT,Constant Kinetic Text,CTL-006 / CKT — Constant Kinetic Text,CTL,Negative Control,Controls and Failure Modes,Control / Baseline,Experiment control,P1,Negative control,Every word moves or pops.,Tests motion overload.,"Likely higher attention, lower comprehension.",Motion becomes noise.,Compare to logic motion.,Recall; fatigue; retention,S19,Backlog
H173,CTL-007,NNO,No Overlay / Native Captions Only,CTL-007 / NNO — No Overlay / Native Captions Only,CTL,Negative Control,Controls and Failure Modes,Control / Baseline,Experiment control,P0,Control,Baseline platform state.,Determines value of any overlay.,May win for visual recall.,May lose muted gist.,Compare to all variants.,Gist; visual recall; retention,S01; S05,Backlog
H174,CTL-008,COM,Color-Only Meaning,CTL-008 / COM — Color-Only Meaning,CTL,Negative Control,Controls and Failure Modes,Control / Baseline,Experiment control,P1,Negative control,Use color without labels/icons for semantic roles.,Accessibility negative control.,Likely failure for color-blind/low contrast contexts.,Meaning can be missed.,Compare to color+label.,Role ID; access rating,S28,Backlog
H175,CTL-009,BOP,Bottom-Only Placement,CTL-009 / BOP — Bottom-Only Placement,CTL,Negative Control,Controls and Failure Modes,Control / Baseline,Experiment control,P0,Control,Always lower-third regardless of content.,Placement baseline.,Can block UI/captions/action.,Likely loses to gaze-safe placement.,Compare to gaze-safe.,Occlusion; readability,S02; S14,Backlog
H176,CTL-010,RSP,Random Saliency Pop,CTL-010 / RSP — Random Saliency Pop,CTL,Negative Control,Controls and Failure Modes,Control / Baseline,Experiment control,P1,Negative control,Make random words visually pop.,Tests whether salience without meaning helps.,Likely harms trust/comprehension.,Misguides attention.,Compare to semantic cueing.,Gist; trust,S09; S11,Backlog
H177,CTL-011,HDCS,High-Density Caption Stack,CTL-011 / HDCS — High-Density Caption Stack,CTL,Negative Control,Controls and Failure Modes,Control / Baseline,Experiment control,P1,Negative control,Multiple overlays/captions/stickers simultaneously.,Stress test for visual crowding.,Likely high failure rate.,Overload/crowding.,Compare to budgeted text.,Readability; effort,S15; S17,Backlog
H178,CTL-012,ENS,Emoji/Nonstandard Subtitle Variant,CTL-012 / ENS — Emoji/Nonstandard Subtitle Variant,CTL,Negative Control,Controls and Failure Modes,Control / Baseline,Experiment control,P2,Emerging direct evidence,Use platform-native non-standard typography and emoji.,Tests TikTok-native engagement signal.,Could increase engagement for informal categories.,May harm accessibility/professionalism.,Compare with clean captioning by category.,Engagement; trust; comprehension,S21; S28,Backlog
