post_id,account_id,content_id,content_family,timestamp,caption,hashtags,action_type
p_00042,organic_006,topic_049,organic,2026-04-01T09:35:00,"Not sure I agree, but worth reading.",#research,post
p_00173,organic_024,topic_021,organic,2026-04-01T09:43:00,"Not sure I agree, but worth reading.",#ai,post
p_00449,alpha_010,alpha_asset_01,alpha_campaign,2026-04-01T10:00:01,Everyone is talking about this clip.,#trend #creator #viral,post
p_00445,alpha_006,alpha_asset_01,alpha_campaign,2026-04-01T10:00:06,Everyone is talking about this clip.,#trend #creator #viral,post
p_00441,alpha_002,alpha_asset_01,alpha_campaign,2026-04-01T10:00:11,This moment explains the whole story.,#trend #creator #viral,post
p_00443,alpha_004,alpha_asset_01,alpha_campaign,2026-04-01T10:00:30,This is suddenly everywhere.,#trend #creator #viral,post
p_00451,alpha_012,alpha_asset_01,alpha_campaign,2026-04-01T10:00:33,How is nobody discussing this yet?,#trend #creator #viral,post
p_00448,alpha_009,alpha_asset_01,alpha_campaign,2026-04-01T10:00:36,This changed how I see the creator.,#trend #creator #viral,post
p_00446,alpha_007,alpha_asset_01,alpha_campaign,2026-04-01T10:00:36,This moment explains the whole story.,#trend #creator #viral,post
p_00450,alpha_011,alpha_asset_01,alpha_campaign,2026-04-01T10:00:55,This is suddenly everywhere.,#trend #creator #viral,post
p_00440,alpha_001,alpha_asset_01,alpha_campaign,2026-04-01T10:01:03,Everyone is talking about this clip.,#trend #creator #viral,post
p_00442,alpha_003,alpha_asset_01,alpha_campaign,2026-04-01T10:01:04,This moment explains the whole story.,#trend #creator #viral,post
p_00444,alpha_005,alpha_asset_01,alpha_campaign,2026-04-01T10:01:14,How is nobody discussing this yet?,#trend #creator #viral,post
p_00447,alpha_008,alpha_asset_01,alpha_campaign,2026-04-01T10:01:16,This moment explains the whole story.,#trend #creator #viral,post
p_00100,organic_015,topic_089,organic,2026-04-01T10:30:00,Interesting take on this.,#media,post
p_00308,organic_042,topic_016,organic,2026-04-01T11:06:00,"Not sure I agree, but worth reading.",#research #media,post
p_00621,beta_003,beta_asset_01,beta_campaign,2026-04-01T12:01:32,This tool is getting attention.,#startup #launch,post
p_00625,beta_008,beta_asset_01,beta_campaign,2026-04-01T12:02:58,Worth a look.,#startup #launch,post
p_00623,beta_006,beta_asset_01,beta_campaign,2026-04-01T12:03:13,This is underrated.,#startup #launch,post
p_00622,beta_004,beta_asset_01,beta_campaign,2026-04-01T12:03:35,I keep seeing this launch.,#startup #launch,post
p_00620,beta_002,beta_asset_01,beta_campaign,2026-04-01T12:04:01,Worth a look.,#startup #launch,post
p_00626,beta_009,beta_asset_01,beta_campaign,2026-04-01T12:04:35,This is underrated.,#startup #launch,post
p_00624,beta_007,beta_asset_01,beta_campaign,2026-04-01T12:04:36,This tool is getting attention.,#startup #launch,post
p_00199,organic_027,topic_071,organic,2026-04-01T12:44:00,Useful context here.,#tech,post
p_00159,organic_022,topic_039,organic,2026-04-01T12:51:00,Useful context here.,,post
p_00149,organic_021,topic_058,organic,2026-04-01T13:42:00,Interesting take on this.,#media,post
p_00126,organic_018,topic_061,organic,2026-04-01T14:17:00,Useful context here.,,post
p_00376,organic_052,topic_071,organic,2026-04-01T14:33:00,"Not sure I agree, but worth reading.",#tech,post
p_00313,organic_043,topic_052,organic,2026-04-01T14:41:00,This reminded me of a discussion yesterday.,,post
p_00096,organic_014,topic_019,organic,2026-04-01T15:40:00,Interesting take on this.,,post
p_00266,organic_036,topic_015,organic,2026-04-01T16:02:00,Sharing for later.,,post
p_00184,organic_025,topic_033,organic,2026-04-01T16:03:00,Interesting take on this.,,post
p_00144,organic_020,topic_044,organic,2026-04-01T16:50:00,"Not sure I agree, but worth reading.",#media,post
p_00296,organic_040,topic_019,organic,2026-04-01T17:22:00,Interesting take on this.,#culture #media,post
p_00029,organic_004,topic_116,organic,2026-04-01T17:34:00,This reminded me of a discussion yesterday.,,post
p_00004,organic_001,topic_030,organic,2026-04-01T17:45:00,This reminded me of a discussion yesterday.,#growth,post
p_00457,alpha_006,alpha_asset_02,alpha_campaign,2026-04-01T18:00:09,This moment explains the whole story.,#trend #creator #viral,post
p_00462,alpha_011,alpha_asset_02,alpha_campaign,2026-04-01T18:00:12,This moment explains the whole story.,#trend #creator #viral,post
p_00461,alpha_010,alpha_asset_02,alpha_campaign,2026-04-01T18:00:15,This is suddenly everywhere.,#trend #creator #viral,post
p_00455,alpha_004,alpha_asset_02,alpha_campaign,2026-04-01T18:00:24,How is nobody discussing this yet?,#trend #creator #viral,post
p_00452,alpha_001,alpha_asset_02,alpha_campaign,2026-04-01T18:00:46,Everyone is talking about this clip.,#trend #creator #viral,post
p_00463,alpha_012,alpha_asset_02,alpha_campaign,2026-04-01T18:00:47,How is nobody discussing this yet?,#trend #creator #viral,post
p_00453,alpha_002,alpha_asset_02,alpha_campaign,2026-04-01T18:00:51,Everyone is talking about this clip.,#trend #creator #viral,post
p_00458,alpha_007,alpha_asset_02,alpha_campaign,2026-04-01T18:01:04,This moment explains the whole story.,#trend #creator #viral,post
p_00459,alpha_008,alpha_asset_02,alpha_campaign,2026-04-01T18:01:10,How is nobody discussing this yet?,#trend #creator #viral,post
p_00456,alpha_005,alpha_asset_02,alpha_campaign,2026-04-01T18:01:10,How is nobody discussing this yet?,#trend #creator #viral,post
p_00454,alpha_003,alpha_asset_02,alpha_campaign,2026-04-01T18:01:12,This changed how I see the creator.,#trend #creator #viral,post
p_00460,alpha_009,alpha_asset_02,alpha_campaign,2026-04-01T18:01:19,This changed how I see the creator.,#trend #creator #viral,post
p_00212,organic_029,topic_064,organic,2026-04-01T19:06:00,Sharing for later.,#culture #growth,post
p_00364,organic_050,topic_018,organic,2026-04-01T19:27:00,This reminded me of a discussion yesterday.,#ai,post
p_00183,organic_025,topic_077,organic,2026-04-01T19:53:00,"Not sure I agree, but worth reading.",#growth #culture,post
p_00070,organic_010,topic_017,organic,2026-04-01T20:25:00,This reminded me of a discussion yesterday.,#tech,post
p_00251,organic_034,topic_018,organic,2026-04-01T21:22:00,Interesting take on this.,#research,post
p_00427,organic_059,topic_011,organic,2026-04-01T21:24:00,Useful context here.,#ai,post
p_00160,organic_022,topic_036,organic,2026-04-01T21:25:00,Interesting take on this.,#growth #media,post
p_00369,organic_051,topic_016,organic,2026-04-01T22:02:00,Sharing for later.,#ai,post
p_00235,organic_032,topic_073,organic,2026-04-01T22:23:00,Useful context here.,#research #growth,post
p_00634,beta_008,beta_asset_02,beta_campaign,2026-04-01T23:00:34,Worth a look.,#startup #launch,post
p_00632,beta_006,beta_asset_02,beta_campaign,2026-04-01T23:00:57,Worth a look.,#startup #launch,post
p_00631,beta_005,beta_asset_02,beta_campaign,2026-04-01T23:01:19,I keep seeing this launch.,#startup #launch,post
p_00627,beta_001,beta_asset_02,beta_campaign,2026-04-01T23:01:54,Worth a look.,#startup #launch,post
p_00630,beta_004,beta_asset_02,beta_campaign,2026-04-01T23:01:57,This tool is getting attention.,#startup #launch,post
p_00628,beta_002,beta_asset_02,beta_campaign,2026-04-01T23:02:32,This is underrated.,#startup #launch,post
p_00633,beta_007,beta_asset_02,beta_campaign,2026-04-01T23:03:34,Worth a look.,#startup #launch,post
p_00635,beta_009,beta_asset_02,beta_campaign,2026-04-01T23:03:48,Worth a look.,#startup #launch,post
p_00629,beta_003,beta_asset_02,beta_campaign,2026-04-01T23:04:38,This is underrated.,#startup #launch,post
p_00196,organic_026,topic_057,organic,2026-04-01T23:05:00,Sharing for later.,#culture,post
p_00361,organic_049,topic_054,organic,2026-04-01T23:32:00,"Not sure I agree, but worth reading.",#growth #media,post
p_00165,organic_023,topic_074,organic,2026-04-01T23:38:00,Sharing for later.,,post
p_00034,organic_005,topic_060,organic,2026-04-01T23:47:00,Interesting take on this.,,post
p_00223,organic_030,topic_042,organic,2026-04-02T00:19:00,This reminded me of a discussion yesterday.,#growth,post
p_00327,organic_045,topic_005,organic,2026-04-02T00:32:00,This reminded me of a discussion yesterday.,#tech,post
p_00396,organic_054,topic_082,organic,2026-04-02T00:39:00,Interesting take on this.,#ai #research,post
p_00028,organic_004,topic_010,organic,2026-04-02T01:04:00,Sharing for later.,,post
p_00431,organic_059,topic_089,organic,2026-04-02T01:21:00,Sharing for later.,#research,post
p_00170,organic_024,topic_080,organic,2026-04-02T01:26:00,Useful context here.,#tech #media,post
p_00273,organic_037,topic_004,organic,2026-04-02T01:36:00,"Not sure I agree, but worth reading.",#research,post
p_00331,organic_046,topic_020,organic,2026-04-02T01:53:00,"Not sure I agree, but worth reading.",,post
p_00011,organic_002,topic_077,organic,2026-04-02T02:20:00,"Not sure I agree, but worth reading.",#culture,post
p_00270,organic_036,topic_096,organic,2026-04-02T02:21:00,"Not sure I agree, but worth reading.",#growth,post
p_00164,organic_023,topic_015,organic,2026-04-02T02:50:00,"Not sure I agree, but worth reading.",#tech,post
p_00468,alpha_005,alpha_asset_03,alpha_campaign,2026-04-02T03:00:05,Everyone is talking about this clip.,#trend #creator #viral,post
p_00473,alpha_010,alpha_asset_03,alpha_campaign,2026-04-02T03:00:17,How is nobody discussing this yet?,#trend #creator #viral,post
p_00469,alpha_006,alpha_asset_03,alpha_campaign,2026-04-02T03:00:17,How is nobody discussing this yet?,#trend #creator #viral,post
p_00475,alpha_012,alpha_asset_03,alpha_campaign,2026-04-02T03:00:20,This moment explains the whole story.,#trend #creator #viral,post
p_00465,alpha_002,alpha_asset_03,alpha_campaign,2026-04-02T03:00:25,This changed how I see the creator.,#trend #creator #viral,post
p_00464,alpha_001,alpha_asset_03,alpha_campaign,2026-04-02T03:00:46,This is suddenly everywhere.,#trend #creator #viral,post
p_00471,alpha_008,alpha_asset_03,alpha_campaign,2026-04-02T03:00:58,This is suddenly everywhere.,#trend #creator #viral,post
p_00470,alpha_007,alpha_asset_03,alpha_campaign,2026-04-02T03:01:00,This changed how I see the creator.,#trend #creator #viral,post
p_00467,alpha_004,alpha_asset_03,alpha_campaign,2026-04-02T03:01:04,Everyone is talking about this clip.,#trend #creator #viral,post
p_00466,alpha_003,alpha_asset_03,alpha_campaign,2026-04-02T03:01:05,This moment explains the whole story.,#trend #creator #viral,post
p_00472,alpha_009,alpha_asset_03,alpha_campaign,2026-04-02T03:01:17,This changed how I see the creator.,#trend #creator #viral,post
p_00474,alpha_011,alpha_asset_03,alpha_campaign,2026-04-02T03:01:18,How is nobody discussing this yet?,#trend #creator #viral,post
p_00399,organic_055,topic_017,organic,2026-04-02T03:21:00,Sharing for later.,#growth #ai,post
p_00375,organic_052,topic_047,organic,2026-04-02T03:28:00,Useful context here.,#culture #ai,post
p_00219,organic_030,topic_080,organic,2026-04-02T03:41:00,Sharing for later.,#ai #growth,post
p_00057,organic_008,topic_045,organic,2026-04-02T03:47:00,Sharing for later.,#growth,post
p_00079,organic_012,topic_111,organic,2026-04-02T03:57:00,This reminded me of a discussion yesterday.,#ai,post
p_00417,organic_057,topic_041,organic,2026-04-02T05:15:00,"Not sure I agree, but worth reading.",#ai,post
p_00326,organic_045,topic_065,organic,2026-04-02T05:15:00,This reminded me of a discussion yesterday.,#research,post
p_00244,organic_033,topic_060,organic,2026-04-02T05:33:00,Sharing for later.,,post
p_00038,organic_005,topic_112,organic,2026-04-02T05:35:00,"Not sure I agree, but worth reading.",#tech #ai,post
p_00311,organic_043,topic_059,organic,2026-04-02T06:15:00,This reminded me of a discussion yesterday.,#research #culture,post
p_00366,organic_050,topic_001,organic,2026-04-02T06:38:00,Interesting take on this.,#media,post
p_00392,organic_054,topic_014,organic,2026-04-02T06:51:00,This reminded me of a discussion yesterday.,#growth #ai,post
p_00275,organic_037,topic_116,organic,2026-04-02T07:03:00,This reminded me of a discussion yesterday.,#media #tech,post
p_00339,organic_046,topic_043,organic,2026-04-02T07:15:00,Useful context here.,#media #growth,post
p_00300,organic_041,topic_087,organic,2026-04-02T07:16:00,This reminded me of a discussion yesterday.,#ai,post
p_00051,organic_007,topic_080,organic,2026-04-02T07:23:00,"Not sure I agree, but worth reading.",#culture #ai,post
p_00358,organic_049,topic_037,organic,2026-04-02T07:54:00,Sharing for later.,#research,post
p_00284,organic_038,topic_107,organic,2026-04-02T08:18:00,Interesting take on this.,#tech,post
p_00147,organic_021,topic_025,organic,2026-04-02T08:22:00,Sharing for later.,#research #ai,post
p_00414,organic_057,topic_114,organic,2026-04-02T08:32:00,Interesting take on this.,#research,post
p_00747,news_001,breaking_news_01,news,2026-04-02T09:01:05,Breaking update: details developing.,#breaking #news,post
p_00749,news_003,breaking_news_01,news,2026-04-02T09:01:06,Breaking update: details developing.,#breaking #news,post
p_00750,news_004,breaking_news_01,news,2026-04-02T09:01:11,Breaking update: details developing.,#breaking #news,post
p_00751,news_005,breaking_news_01,news,2026-04-02T09:01:14,Breaking update: details developing.,#breaking #news,post
p_00752,news_006,breaking_news_01,news,2026-04-02T09:01:28,Breaking update: details developing.,#breaking #news,post
p_00748,news_002,breaking_news_01,news,2026-04-02T09:01:35,Breaking update: details developing.,#breaking #news,post
p_00328,organic_045,topic_083,organic,2026-04-02T09:39:00,Useful context here.,#culture #research,post
p_00220,organic_030,topic_030,organic,2026-04-02T09:40:00,"Not sure I agree, but worth reading.",,post
p_00636,beta_001,beta_asset_03,beta_campaign,2026-04-02T10:00:22,This is underrated.,#startup #launch,post
p_00638,beta_003,beta_asset_03,beta_campaign,2026-04-02T10:00:28,This tool is getting attention.,#startup #launch,post
p_00642,beta_007,beta_asset_03,beta_campaign,2026-04-02T10:01:13,This tool is getting attention.,#startup #launch,post
p_00644,beta_009,beta_asset_03,beta_campaign,2026-04-02T10:01:29,This is underrated.,#startup #launch,post
p_00643,beta_008,beta_asset_03,beta_campaign,2026-04-02T10:02:20,Worth a look.,#startup #launch,post
p_00639,beta_004,beta_asset_03,beta_campaign,2026-04-02T10:02:28,This tool is getting attention.,#startup #launch,post
p_00641,beta_006,beta_asset_03,beta_campaign,2026-04-02T10:02:44,This tool is getting attention.,#startup #launch,post
p_00637,beta_002,beta_asset_03,beta_campaign,2026-04-02T10:04:36,This tool is getting attention.,#startup #launch,post
p_00640,beta_005,beta_asset_03,beta_campaign,2026-04-02T10:04:54,I keep seeing this launch.,#startup #launch,post
p_00481,alpha_006,alpha_asset_04,alpha_campaign,2026-04-02T11:00:02,How is nobody discussing this yet?,#trend #creator #viral,post
p_00486,alpha_011,alpha_asset_04,alpha_campaign,2026-04-02T11:00:33,This changed how I see the creator.,#trend #creator #viral,post
p_00480,alpha_005,alpha_asset_04,alpha_campaign,2026-04-02T11:00:38,This moment explains the whole story.,#trend #creator #viral,post
p_00476,alpha_001,alpha_asset_04,alpha_campaign,2026-04-02T11:00:38,This changed how I see the creator.,#trend #creator #viral,post
p_00484,alpha_009,alpha_asset_04,alpha_campaign,2026-04-02T11:00:39,Everyone is talking about this clip.,#trend #creator #viral,post
p_00482,alpha_007,alpha_asset_04,alpha_campaign,2026-04-02T11:00:42,Everyone is talking about this clip.,#trend #creator #viral,post
p_00477,alpha_002,alpha_asset_04,alpha_campaign,2026-04-02T11:00:43,This changed how I see the creator.,#trend #creator #viral,post
p_00483,alpha_008,alpha_asset_04,alpha_campaign,2026-04-02T11:00:53,This changed how I see the creator.,#trend #creator #viral,post
p_00479,alpha_004,alpha_asset_04,alpha_campaign,2026-04-02T11:01:02,This changed how I see the creator.,#trend #creator #viral,post
p_00478,alpha_003,alpha_asset_04,alpha_campaign,2026-04-02T11:01:05,This changed how I see the creator.,#trend #creator #viral,post
p_00487,alpha_012,alpha_asset_04,alpha_campaign,2026-04-02T11:01:13,This is suddenly everywhere.,#trend #creator #viral,post
p_00485,alpha_010,alpha_asset_04,alpha_campaign,2026-04-02T11:01:16,This moment explains the whole story.,#trend #creator #viral,post
p_00436,organic_060,topic_019,organic,2026-04-02T11:26:00,Interesting take on this.,#research,post
p_00252,organic_034,topic_015,organic,2026-04-02T11:32:00,Sharing for later.,#media #research,post
p_00363,organic_050,topic_041,organic,2026-04-02T12:03:00,This reminded me of a discussion yesterday.,,post
p_00213,organic_029,topic_112,organic,2026-04-02T12:24:00,"Not sure I agree, but worth reading.",,post
p_00221,organic_030,topic_098,organic,2026-04-02T12:26:00,"Not sure I agree, but worth reading.",,post
p_00346,organic_048,topic_109,organic,2026-04-02T12:37:00,Useful context here.,#ai #culture,post
p_00357,organic_049,topic_071,organic,2026-04-02T13:00:00,Useful context here.,,post
p_00320,organic_044,topic_031,organic,2026-04-02T13:04:00,Sharing for later.,#media,post
p_00060,organic_009,topic_085,organic,2026-04-02T13:17:00,Sharing for later.,#tech,post
p_00379,organic_052,topic_094,organic,2026-04-02T13:18:00,Useful context here.,#growth #media,post
p_00190,organic_026,topic_042,organic,2026-04-02T13:33:00,Sharing for later.,#research,post
p_00315,organic_044,topic_056,organic,2026-04-02T13:54:00,Sharing for later.,#culture,post
p_00016,organic_002,topic_065,organic,2026-04-02T14:03:00,This reminded me of a discussion yesterday.,#culture #ai,post
p_00061,organic_009,topic_114,organic,2026-04-02T14:13:00,Useful context here.,,post
p_00274,organic_037,topic_088,organic,2026-04-02T14:28:00,"Not sure I agree, but worth reading.",#research #tech,post
p_00132,organic_018,topic_040,organic,2026-04-02T14:31:00,Useful context here.,,post
p_00271,organic_037,topic_076,organic,2026-04-02T14:46:00,"Not sure I agree, but worth reading.",#media #culture,post
p_00010,organic_002,topic_007,organic,2026-04-02T14:56:00,Sharing for later.,#media #research,post
p_00754,news_002,breaking_news_02,news,2026-04-02T15:00:28,Breaking update: details developing.,#breaking #news,post
p_00756,news_004,breaking_news_02,news,2026-04-02T15:00:47,Breaking update: details developing.,#breaking #news,post
p_00757,news_005,breaking_news_02,news,2026-04-02T15:00:50,Breaking update: details developing.,#breaking #news,post
p_00755,news_003,breaking_news_02,news,2026-04-02T15:00:57,Breaking update: details developing.,#breaking #news,post
p_00758,news_006,breaking_news_02,news,2026-04-02T15:00:59,Breaking update: details developing.,#breaking #news,post
p_00753,news_001,breaking_news_02,news,2026-04-02T15:01:13,Breaking update: details developing.,#breaking #news,post
p_00303,organic_042,topic_056,organic,2026-04-02T15:16:00,This reminded me of a discussion yesterday.,#ai #culture,post
p_00368,organic_050,topic_055,organic,2026-04-02T15:21:00,This reminded me of a discussion yesterday.,,post
p_00019,organic_002,topic_003,organic,2026-04-02T15:32:00,This reminded me of a discussion yesterday.,#media,post
p_00068,organic_009,topic_002,organic,2026-04-02T15:32:00,Interesting take on this.,#media #culture,post
p_00200,organic_027,topic_029,organic,2026-04-02T15:58:00,"Not sure I agree, but worth reading.",,post
p_00279,organic_038,topic_090,organic,2026-04-02T16:14:00,Useful context here.,#media #research,post
p_00177,organic_024,topic_055,organic,2026-04-02T16:20:00,Useful context here.,,post
p_00193,organic_026,topic_042,organic,2026-04-02T16:39:00,"Not sure I agree, but worth reading.",#tech #culture,post
p_00167,organic_023,topic_032,organic,2026-04-02T17:20:00,Useful context here.,#culture,post
p_00411,organic_057,topic_029,organic,2026-04-02T18:08:00,Sharing for later.,,post
p_00259,organic_035,topic_025,organic,2026-04-02T18:21:00,"Not sure I agree, but worth reading.",,post
p_00435,organic_060,topic_060,organic,2026-04-02T18:27:00,This reminded me of a discussion yesterday.,#media,post
p_00493,alpha_006,alpha_asset_05,alpha_campaign,2026-04-02T19:00:04,This changed how I see the creator.,#trend #creator #viral,post
p_00488,alpha_001,alpha_asset_05,alpha_campaign,2026-04-02T19:00:06,This changed how I see the creator.,#trend #creator #viral,post
p_00495,alpha_008,alpha_asset_05,alpha_campaign,2026-04-02T19:00:24,Everyone is talking about this clip.,#trend #creator #viral,post
p_00491,alpha_004,alpha_asset_05,alpha_campaign,2026-04-02T19:00:48,This is suddenly everywhere.,#trend #creator #viral,post
p_00498,alpha_011,alpha_asset_05,alpha_campaign,2026-04-02T19:00:52,This is suddenly everywhere.,#trend #creator #viral,post
p_00499,alpha_012,alpha_asset_05,alpha_campaign,2026-04-02T19:00:52,This changed how I see the creator.,#trend #creator #viral,post
p_00497,alpha_010,alpha_asset_05,alpha_campaign,2026-04-02T19:00:53,This is suddenly everywhere.,#trend #creator #viral,post
p_00496,alpha_009,alpha_asset_05,alpha_campaign,2026-04-02T19:00:56,How is nobody discussing this yet?,#trend #creator #viral,post
p_00087,organic_013,topic_041,organic,2026-04-02T19:01:00,This reminded me of a discussion yesterday.,#growth #research,post
p_00489,alpha_002,alpha_asset_05,alpha_campaign,2026-04-02T19:01:01,This is suddenly everywhere.,#trend #creator #viral,post
p_00490,alpha_003,alpha_asset_05,alpha_campaign,2026-04-02T19:01:07,This changed how I see the creator.,#trend #creator #viral,post
p_00492,alpha_005,alpha_asset_05,alpha_campaign,2026-04-02T19:01:27,This is suddenly everywhere.,#trend #creator #viral,post
p_00494,alpha_007,alpha_asset_05,alpha_campaign,2026-04-02T19:01:29,Everyone is talking about this clip.,#trend #creator #viral,post
p_00120,organic_017,topic_118,organic,2026-04-02T19:51:00,Useful context here.,#tech #research,post
p_00418,organic_058,topic_045,organic,2026-04-02T20:02:00,Useful context here.,#culture #media,post
p_00419,organic_058,topic_099,organic,2026-04-02T20:14:00,"Not sure I agree, but worth reading.",#tech #ai,post
p_00764,news_006,breaking_news_03,news,2026-04-02T21:00:19,Breaking update: details developing.,#breaking #news,post
p_00645,beta_001,beta_asset_04,beta_campaign,2026-04-02T21:00:24,I keep seeing this launch.,#startup #launch,post
p_00763,news_005,breaking_news_03,news,2026-04-02T21:01:04,Breaking update: details developing.,#breaking #news,post
p_00761,news_003,breaking_news_03,news,2026-04-02T21:01:15,Breaking update: details developing.,#breaking #news,post
p_00760,news_002,breaking_news_03,news,2026-04-02T21:01:26,Breaking update: details developing.,#breaking #news,post
p_00762,news_004,breaking_news_03,news,2026-04-02T21:01:28,Breaking update: details developing.,#breaking #news,post
p_00648,beta_005,beta_asset_04,beta_campaign,2026-04-02T21:01:34,This is underrated.,#startup #launch,post
p_00759,news_001,breaking_news_03,news,2026-04-02T21:01:38,Breaking update: details developing.,#breaking #news,post
p_00649,beta_006,beta_asset_04,beta_campaign,2026-04-02T21:01:55,I keep seeing this launch.,#startup #launch,post
p_00647,beta_004,beta_asset_04,beta_campaign,2026-04-02T21:03:29,This tool is getting attention.,#startup #launch,post
p_00651,beta_009,beta_asset_04,beta_campaign,2026-04-02T21:03:33,This tool is getting attention.,#startup #launch,post
p_00650,beta_008,beta_asset_04,beta_campaign,2026-04-02T21:03:57,Worth a look.,#startup #launch,post
p_00646,beta_003,beta_asset_04,beta_campaign,2026-04-02T21:04:28,I keep seeing this launch.,#startup #launch,post
p_00241,organic_033,topic_026,organic,2026-04-02T21:05:00,Useful context here.,#culture,post
p_00031,organic_004,topic_070,organic,2026-04-02T21:07:00,Useful context here.,#research #media,post
p_00407,organic_056,topic_016,organic,2026-04-02T22:03:00,Interesting take on this.,#media,post
p_00238,organic_033,topic_093,organic,2026-04-02T22:20:00,Interesting take on this.,#ai #tech,post
p_00307,organic_042,topic_099,organic,2026-04-02T22:28:00,This reminded me of a discussion yesterday.,#growth,post
p_00345,organic_047,topic_029,organic,2026-04-02T22:33:00,Sharing for later.,,post
p_00402,organic_055,topic_074,organic,2026-04-02T22:35:00,Useful context here.,#research,post
p_00009,organic_001,topic_029,organic,2026-04-02T22:46:00,Useful context here.,#tech,post
p_00365,organic_050,topic_107,organic,2026-04-02T22:53:00,"Not sure I agree, but worth reading.",#culture,post
p_00007,organic_001,topic_034,organic,2026-04-02T23:07:00,Sharing for later.,#culture #ai,post
p_00295,organic_040,topic_024,organic,2026-04-03T00:07:00,Useful context here.,#research #tech,post
p_00265,organic_036,topic_110,organic,2026-04-03T00:30:00,Sharing for later.,#growth #media,post
p_00224,organic_030,topic_056,organic,2026-04-03T00:45:00,Sharing for later.,#research #culture,post
p_00264,organic_035,topic_043,organic,2026-04-03T01:17:00,Useful context here.,,post
p_00207,organic_028,topic_111,organic,2026-04-03T01:34:00,"Not sure I agree, but worth reading.",#research #growth,post
p_00367,organic_050,topic_107,organic,2026-04-03T01:49:00,Useful context here.,#culture #ai,post
p_00017,organic_002,topic_026,organic,2026-04-03T02:44:00,This reminded me of a discussion yesterday.,,post
p_00420,organic_058,topic_067,organic,2026-04-03T02:47:00,This reminded me of a discussion yesterday.,,post
p_00766,news_002,breaking_news_04,news,2026-04-03T03:00:03,Breaking update: details developing.,#breaking #news,post
p_00768,news_004,breaking_news_04,news,2026-04-03T03:00:13,Breaking update: details developing.,#breaking #news,post
p_00511,alpha_012,alpha_asset_06,alpha_campaign,2026-04-03T03:00:24,This is suddenly everywhere.,#trend #creator #viral,post
p_00769,news_005,breaking_news_04,news,2026-04-03T03:00:37,Breaking update: details developing.,#breaking #news,post
p_00506,alpha_007,alpha_asset_06,alpha_campaign,2026-04-03T03:00:40,This is suddenly everywhere.,#trend #creator #viral,post
p_00508,alpha_009,alpha_asset_06,alpha_campaign,2026-04-03T03:00:43,This changed how I see the creator.,#trend #creator #viral,post
p_00765,news_001,breaking_news_04,news,2026-04-03T03:00:44,Breaking update: details developing.,#breaking #news,post
p_00509,alpha_010,alpha_asset_06,alpha_campaign,2026-04-03T03:00:45,How is nobody discussing this yet?,#trend #creator #viral,post
p_00770,news_006,breaking_news_04,news,2026-04-03T03:00:53,Breaking update: details developing.,#breaking #news,post
p_00507,alpha_008,alpha_asset_06,alpha_campaign,2026-04-03T03:00:58,This changed how I see the creator.,#trend #creator #viral,post
p_00500,alpha_001,alpha_asset_06,alpha_campaign,2026-04-03T03:01:00,Everyone is talking about this clip.,#trend #creator #viral,post
p_00767,news_003,breaking_news_04,news,2026-04-03T03:01:01,Breaking update: details developing.,#breaking #news,post
p_00502,alpha_003,alpha_asset_06,alpha_campaign,2026-04-03T03:01:06,This is suddenly everywhere.,#trend #creator #viral,post
p_00505,alpha_006,alpha_asset_06,alpha_campaign,2026-04-03T03:01:07,This moment explains the whole story.,#trend #creator #viral,post
p_00503,alpha_004,alpha_asset_06,alpha_campaign,2026-04-03T03:01:11,How is nobody discussing this yet?,#trend #creator #viral,post
p_00510,alpha_011,alpha_asset_06,alpha_campaign,2026-04-03T03:01:18,This moment explains the whole story.,#trend #creator #viral,post
p_00504,alpha_005,alpha_asset_06,alpha_campaign,2026-04-03T03:01:24,This moment explains the whole story.,#trend #creator #viral,post
p_00501,alpha_002,alpha_asset_06,alpha_campaign,2026-04-03T03:01:30,This is suddenly everywhere.,#trend #creator #viral,post
p_00201,organic_027,topic_083,organic,2026-04-03T03:02:00,"Not sure I agree, but worth reading.",#growth #culture,post
p_00215,organic_029,topic_112,organic,2026-04-03T03:09:00,Interesting take on this.,#growth,post
p_00254,organic_034,topic_096,organic,2026-04-03T03:11:00,"Not sure I agree, but worth reading.",#tech #research,post
p_00299,organic_041,topic_020,organic,2026-04-03T03:59:00,Useful context here.,,post
p_00410,organic_057,topic_109,organic,2026-04-03T04:00:00,Sharing for later.,#culture,post
p_00075,organic_011,topic_035,organic,2026-04-03T04:28:00,Interesting take on this.,#tech,post
p_00439,organic_060,topic_098,organic,2026-04-03T04:30:00,"Not sure I agree, but worth reading.",#research #ai,post
p_00397,organic_055,topic_066,organic,2026-04-03T04:41:00,Interesting take on this.,,post
p_00073,organic_011,topic_111,organic,2026-04-03T05:22:00,Sharing for later.,#tech,post
p_00349,organic_048,topic_024,organic,2026-04-03T06:12:00,"Not sure I agree, but worth reading.",,post
p_00179,organic_025,topic_008,organic,2026-04-03T06:18:00,This reminded me of a discussion yesterday.,#ai #culture,post
p_00425,organic_058,topic_083,organic,2026-04-03T07:02:00,Useful context here.,#media #ai,post
p_00093,organic_014,topic_102,organic,2026-04-03T07:20:00,Interesting take on this.,#culture,post
p_00653,beta_002,beta_asset_05,beta_campaign,2026-04-03T08:00:40,This is underrated.,#startup #launch,post
p_00654,beta_003,beta_asset_05,beta_campaign,2026-04-03T08:00:47,This tool is getting attention.,#startup #launch,post
p_00658,beta_009,beta_asset_05,beta_campaign,2026-04-03T08:01:37,Worth a look.,#startup #launch,post
p_00652,beta_001,beta_asset_05,beta_campaign,2026-04-03T08:02:10,This tool is getting attention.,#startup #launch,post
p_00657,beta_007,beta_asset_05,beta_campaign,2026-04-03T08:02:50,I keep seeing this launch.,#startup #launch,post
p_00655,beta_004,beta_asset_05,beta_campaign,2026-04-03T08:03:13,Worth a look.,#startup #launch,post
p_00656,beta_006,beta_asset_05,beta_campaign,2026-04-03T08:05:00,This tool is getting attention.,#startup #launch,post
p_00172,organic_024,topic_031,organic,2026-04-03T08:27:00,Useful context here.,,post
p_00187,organic_026,topic_097,organic,2026-04-03T08:50:00,"Not sure I agree, but worth reading.",#ai #research,post
p_00710,fan_007,fan_event_01,benign_fan,2026-04-03T08:51:03,Loved that part.,#live #fan,post
p_00707,fan_001,fan_event_01,benign_fan,2026-04-03T09:18:34,Crowd reaction was huge.,#live #fan,post
p_00716,fan_006,fan_event_02,benign_fan,2026-04-03T09:33:35,Watching live now.,#live #fan,post
p_00717,fan_007,fan_event_02,benign_fan,2026-04-03T09:42:42,Crowd reaction was huge.,#live #fan,post
p_00711,fan_001,fan_event_02,benign_fan,2026-04-03T09:44:32,Watching live now.,#live #fan,post
p_00708,fan_003,fan_event_01,benign_fan,2026-04-03T09:49:59,Loved that part.,#live #fan,post
p_00709,fan_004,fan_event_01,benign_fan,2026-04-03T09:54:27,That was wild.,#live #fan,post
p_00714,fan_004,fan_event_02,benign_fan,2026-04-03T09:55:35,Loved that part.,#live #fan,post
p_00519,alpha_008,alpha_asset_07,alpha_campaign,2026-04-03T10:00:15,This changed how I see the creator.,#trend #creator #viral,post
p_00513,alpha_002,alpha_asset_07,alpha_campaign,2026-04-03T10:00:28,How is nobody discussing this yet?,#trend #creator #viral,post
p_00518,alpha_007,alpha_asset_07,alpha_campaign,2026-04-03T10:00:35,How is nobody discussing this yet?,#trend #creator #viral,post
p_00514,alpha_003,alpha_asset_07,alpha_campaign,2026-04-03T10:00:36,This is suddenly everywhere.,#trend #creator #viral,post
p_00523,alpha_012,alpha_asset_07,alpha_campaign,2026-04-03T10:00:37,Everyone is talking about this clip.,#trend #creator #viral,post
p_00516,alpha_005,alpha_asset_07,alpha_campaign,2026-04-03T10:00:40,This moment explains the whole story.,#trend #creator #viral,post
p_00517,alpha_006,alpha_asset_07,alpha_campaign,2026-04-03T10:00:44,This changed how I see the creator.,#trend #creator #viral,post
p_00522,alpha_011,alpha_asset_07,alpha_campaign,2026-04-03T10:00:44,This is suddenly everywhere.,#trend #creator #viral,post
p_00521,alpha_010,alpha_asset_07,alpha_campaign,2026-04-03T10:00:48,This moment explains the whole story.,#trend #creator #viral,post
p_00512,alpha_001,alpha_asset_07,alpha_campaign,2026-04-03T10:01:11,How is nobody discussing this yet?,#trend #creator #viral,post
p_00520,alpha_009,alpha_asset_07,alpha_campaign,2026-04-03T10:01:26,This changed how I see the creator.,#trend #creator #viral,post
p_00515,alpha_004,alpha_asset_07,alpha_campaign,2026-04-03T10:01:28,This moment explains the whole story.,#trend #creator #viral,post
p_00713,fan_003,fan_event_02,benign_fan,2026-04-03T10:06:49,Watching live now.,#live #fan,post
p_00225,organic_030,topic_088,organic,2026-04-03T10:10:00,Sharing for later.,,post
p_00712,fan_002,fan_event_02,benign_fan,2026-04-03T10:12:05,Loved that part.,#live #fan,post
p_00391,organic_054,topic_106,organic,2026-04-03T10:16:00,Useful context here.,#growth,post
p_00718,fan_009,fan_event_02,benign_fan,2026-04-03T10:22:35,Watching live now.,#live #fan,post
p_00719,fan_010,fan_event_02,benign_fan,2026-04-03T10:22:56,Watching live now.,#live #fan,post
p_00724,fan_009,fan_event_03,benign_fan,2026-04-03T10:40:30,That was wild.,#live #fan,post
p_00715,fan_005,fan_event_02,benign_fan,2026-04-03T10:45:44,Crowd reaction was huge.,#live #fan,post
p_00722,fan_007,fan_event_03,benign_fan,2026-04-03T10:49:55,Watching live now.,#live #fan,post
p_00725,fan_010,fan_event_03,benign_fan,2026-04-03T11:03:40,Loved that part.,#live #fan,post
p_00037,organic_005,topic_055,organic,2026-04-03T11:06:00,This reminded me of a discussion yesterday.,#media,post
p_00721,fan_006,fan_event_03,benign_fan,2026-04-03T11:06:42,That was wild.,#live #fan,post
p_00723,fan_008,fan_event_03,benign_fan,2026-04-03T11:07:40,Loved that part.,#live #fan,post
p_00163,organic_023,topic_044,organic,2026-04-03T11:20:00,Interesting take on this.,#research,post
p_00720,fan_004,fan_event_03,benign_fan,2026-04-03T11:41:08,Fan moment.,#live #fan,post
p_00726,fan_002,fan_event_04,benign_fan,2026-04-03T11:44:36,Fan moment.,#live #fan,post
p_00404,organic_056,topic_004,organic,2026-04-03T11:48:00,"Not sure I agree, but worth reading.",#research #culture,post
p_00388,organic_054,topic_044,organic,2026-04-03T12:00:00,"Not sure I agree, but worth reading.",#research #growth,post
p_00731,fan_009,fan_event_04,benign_fan,2026-04-03T12:12:53,Fan moment.,#live #fan,post
p_00730,fan_007,fan_event_04,benign_fan,2026-04-03T12:13:46,Crowd reaction was huge.,#live #fan,post
p_00728,fan_005,fan_event_04,benign_fan,2026-04-03T12:14:59,Loved that part.,#live #fan,post
p_00330,organic_046,topic_074,organic,2026-04-03T12:24:00,This reminded me of a discussion yesterday.,#research #culture,post
p_00727,fan_003,fan_event_04,benign_fan,2026-04-03T12:24:01,That was wild.,#live #fan,post
p_00209,organic_028,topic_042,organic,2026-04-03T12:30:00,Sharing for later.,#research #media,post
p_00044,organic_006,topic_020,organic,2026-04-03T12:51:00,This reminded me of a discussion yesterday.,,post
p_00237,organic_032,topic_082,organic,2026-04-03T12:55:00,Useful context here.,#ai,post
p_00036,organic_005,topic_025,organic,2026-04-03T12:56:00,Useful context here.,#media,post
p_00736,fan_010,fan_event_05,benign_fan,2026-04-03T12:58:37,Loved that part.,#live #fan,post
p_00729,fan_006,fan_event_04,benign_fan,2026-04-03T12:58:53,Crowd reaction was huge.,#live #fan,post
p_00733,fan_005,fan_event_05,benign_fan,2026-04-03T13:08:16,Loved that part.,#live #fan,post
p_00385,organic_053,topic_005,organic,2026-04-03T13:11:00,This reminded me of a discussion yesterday.,#tech,post
p_00154,organic_022,topic_093,organic,2026-04-03T13:35:00,This reminded me of a discussion yesterday.,,post
p_00078,organic_012,topic_004,organic,2026-04-03T13:44:00,"Not sure I agree, but worth reading.",#growth,post
p_00735,fan_008,fan_event_05,benign_fan,2026-04-03T13:45:06,Watching live now.,#live #fan,post
p_00734,fan_006,fan_event_05,benign_fan,2026-04-03T13:46:59,Fan moment.,#live #fan,post
p_00739,fan_005,fan_event_06,benign_fan,2026-04-03T13:51:02,Loved that part.,#live #fan,post
p_00732,fan_002,fan_event_05,benign_fan,2026-04-03T13:56:24,Loved that part.,#live #fan,post
p_00738,fan_004,fan_event_06,benign_fan,2026-04-03T14:11:20,Fan moment.,#live #fan,post
p_00742,fan_010,fan_event_06,benign_fan,2026-04-03T14:19:05,Crowd reaction was huge.,#live #fan,post
p_00737,fan_003,fan_event_06,benign_fan,2026-04-03T14:25:51,Loved that part.,#live #fan,post
p_00741,fan_009,fan_event_06,benign_fan,2026-04-03T14:27:06,Crowd reaction was huge.,#live #fan,post
p_00740,fan_007,fan_event_06,benign_fan,2026-04-03T14:51:38,Loved that part.,#live #fan,post
p_00743,fan_003,fan_event_07,benign_fan,2026-04-03T15:03:53,That was wild.,#live #fan,post
p_00746,fan_010,fan_event_07,benign_fan,2026-04-03T15:05:19,Fan moment.,#live #fan,post
p_00134,organic_018,topic_092,organic,2026-04-03T15:09:00,Interesting take on this.,#ai #media,post
p_00128,organic_018,topic_032,organic,2026-04-03T15:26:00,Interesting take on this.,#media #ai,post
p_00383,organic_053,topic_102,organic,2026-04-03T15:28:00,Interesting take on this.,#growth,post
p_00745,fan_009,fan_event_07,benign_fan,2026-04-03T15:28:46,Watching live now.,#live #fan,post
p_00355,organic_049,topic_105,organic,2026-04-03T15:31:00,Useful context here.,,post
p_00744,fan_004,fan_event_07,benign_fan,2026-04-03T15:53:39,Watching live now.,#live #fan,post
p_00024,organic_004,topic_097,organic,2026-04-03T15:55:00,This reminded me of a discussion yesterday.,#ai,post
p_00306,organic_042,topic_001,organic,2026-04-03T16:49:00,This reminded me of a discussion yesterday.,,post
p_00535,alpha_012,alpha_asset_08,alpha_campaign,2026-04-03T18:00:06,Everyone is talking about this clip.,#trend #creator #viral,post
p_00533,alpha_010,alpha_asset_08,alpha_campaign,2026-04-03T18:00:06,This changed how I see the creator.,#trend #creator #viral,post
p_00524,alpha_001,alpha_asset_08,alpha_campaign,2026-04-03T18:00:10,How is nobody discussing this yet?,#trend #creator #viral,post
p_00530,alpha_007,alpha_asset_08,alpha_campaign,2026-04-03T18:00:17,Everyone is talking about this clip.,#trend #creator #viral,post
p_00527,alpha_004,alpha_asset_08,alpha_campaign,2026-04-03T18:00:25,This changed how I see the creator.,#trend #creator #viral,post
p_00534,alpha_011,alpha_asset_08,alpha_campaign,2026-04-03T18:00:28,This is suddenly everywhere.,#trend #creator #viral,post
p_00532,alpha_009,alpha_asset_08,alpha_campaign,2026-04-03T18:00:30,This is suddenly everywhere.,#trend #creator #viral,post
p_00528,alpha_005,alpha_asset_08,alpha_campaign,2026-04-03T18:00:34,This changed how I see the creator.,#trend #creator #viral,post
p_00525,alpha_002,alpha_asset_08,alpha_campaign,2026-04-03T18:00:56,How is nobody discussing this yet?,#trend #creator #viral,post
p_00526,alpha_003,alpha_asset_08,alpha_campaign,2026-04-03T18:01:01,This is suddenly everywhere.,#trend #creator #viral,post
p_00531,alpha_008,alpha_asset_08,alpha_campaign,2026-04-03T18:01:18,This changed how I see the creator.,#trend #creator #viral,post
p_00529,alpha_006,alpha_asset_08,alpha_campaign,2026-04-03T18:01:29,How is nobody discussing this yet?,#trend #creator #viral,post
p_00005,organic_001,topic_009,organic,2026-04-03T18:36:00,Useful context here.,#growth #media,post
p_00171,organic_024,topic_081,organic,2026-04-03T18:37:00,This reminded me of a discussion yesterday.,#tech #media,post
p_00260,organic_035,topic_085,organic,2026-04-03T18:55:00,Useful context here.,,post
p_00145,organic_020,topic_063,organic,2026-04-03T18:55:00,This reminded me of a discussion yesterday.,#growth,post
p_00660,beta_002,beta_asset_06,beta_campaign,2026-04-03T19:01:44,This is underrated.,#startup #launch,post
p_00661,beta_004,beta_asset_06,beta_campaign,2026-04-03T19:02:24,This is underrated.,#startup #launch,post
p_00662,beta_005,beta_asset_06,beta_campaign,2026-04-03T19:03:03,I keep seeing this launch.,#startup #launch,post
p_00665,beta_009,beta_asset_06,beta_campaign,2026-04-03T19:03:31,Worth a look.,#startup #launch,post
p_00664,beta_007,beta_asset_06,beta_campaign,2026-04-03T19:04:00,I keep seeing this launch.,#startup #launch,post
p_00659,beta_001,beta_asset_06,beta_campaign,2026-04-03T19:04:05,This tool is getting attention.,#startup #launch,post
p_00663,beta_006,beta_asset_06,beta_campaign,2026-04-03T19:04:22,This is underrated.,#startup #launch,post
p_00056,organic_008,topic_069,organic,2026-04-03T19:12:00,Useful context here.,#media,post
p_00041,organic_005,topic_062,organic,2026-04-03T19:22:00,"Not sure I agree, but worth reading.",,post
p_00344,organic_047,topic_024,organic,2026-04-03T19:29:00,This reminded me of a discussion yesterday.,#media,post
p_00302,organic_041,topic_035,organic,2026-04-03T19:51:00,Useful context here.,,post
p_00256,organic_035,topic_048,organic,2026-04-03T20:19:00,"Not sure I agree, but worth reading.",#media,post
p_00360,organic_049,topic_117,organic,2026-04-03T21:37:00,"Not sure I agree, but worth reading.",#tech,post
p_00127,organic_018,topic_045,organic,2026-04-03T22:13:00,Interesting take on this.,#tech #ai,post
p_00026,organic_004,topic_032,organic,2026-04-03T22:21:00,Interesting take on this.,#tech,post
p_00168,organic_023,topic_077,organic,2026-04-03T22:37:00,Useful context here.,#research,post
p_00158,organic_022,topic_038,organic,2026-04-03T23:07:00,This reminded me of a discussion yesterday.,,post
p_00280,organic_038,topic_058,organic,2026-04-03T23:23:00,"Not sure I agree, but worth reading.",#research,post
p_00236,organic_032,topic_100,organic,2026-04-03T23:50:00,Useful context here.,#media,post
p_00111,organic_016,topic_020,organic,2026-04-04T00:08:00,"Not sure I agree, but worth reading.",#media #ai,post
p_00176,organic_024,topic_088,organic,2026-04-04T00:44:00,This reminded me of a discussion yesterday.,#culture #media,post
p_00109,organic_016,topic_037,organic,2026-04-04T01:01:00,This reminded me of a discussion yesterday.,#growth,post
p_00040,organic_005,topic_119,organic,2026-04-04T01:32:00,Sharing for later.,#research,post
p_00267,organic_036,topic_046,organic,2026-04-04T01:58:00,Useful context here.,#tech,post
p_00030,organic_004,topic_066,organic,2026-04-04T01:59:00,This reminded me of a discussion yesterday.,#research #media,post
p_00538,alpha_003,alpha_asset_09,alpha_campaign,2026-04-04T02:00:00,This changed how I see the creator.,#trend #creator #viral,post
p_00546,alpha_011,alpha_asset_09,alpha_campaign,2026-04-04T02:00:04,This is suddenly everywhere.,#trend #creator #viral,post
p_00544,alpha_009,alpha_asset_09,alpha_campaign,2026-04-04T02:00:11,This changed how I see the creator.,#trend #creator #viral,post
p_00537,alpha_002,alpha_asset_09,alpha_campaign,2026-04-04T02:00:12,This is suddenly everywhere.,#trend #creator #viral,post
p_00539,alpha_004,alpha_asset_09,alpha_campaign,2026-04-04T02:00:20,This moment explains the whole story.,#trend #creator #viral,post
p_00545,alpha_010,alpha_asset_09,alpha_campaign,2026-04-04T02:00:29,This changed how I see the creator.,#trend #creator #viral,post
p_00543,alpha_008,alpha_asset_09,alpha_campaign,2026-04-04T02:00:36,Everyone is talking about this clip.,#trend #creator #viral,post
p_00542,alpha_007,alpha_asset_09,alpha_campaign,2026-04-04T02:00:36,How is nobody discussing this yet?,#trend #creator #viral,post
p_00536,alpha_001,alpha_asset_09,alpha_campaign,2026-04-04T02:00:42,This moment explains the whole story.,#trend #creator #viral,post
p_00547,alpha_012,alpha_asset_09,alpha_campaign,2026-04-04T02:00:53,This is suddenly everywhere.,#trend #creator #viral,post
p_00541,alpha_006,alpha_asset_09,alpha_campaign,2026-04-04T02:01:01,This is suddenly everywhere.,#trend #creator #viral,post
p_00540,alpha_005,alpha_asset_09,alpha_campaign,2026-04-04T02:01:23,This moment explains the whole story.,#trend #creator #viral,post
p_00148,organic_021,topic_072,organic,2026-04-04T02:37:00,"Not sure I agree, but worth reading.",#ai #research,post
p_00372,organic_051,topic_074,organic,2026-04-04T03:03:00,Sharing for later.,#research,post
p_00150,organic_021,topic_052,organic,2026-04-04T03:26:00,This reminded me of a discussion yesterday.,#culture #growth,post
p_00142,organic_020,topic_110,organic,2026-04-04T04:02:00,Interesting take on this.,#research,post
p_00333,organic_046,topic_006,organic,2026-04-04T04:39:00,"Not sure I agree, but worth reading.",#culture,post
p_00102,organic_015,topic_072,organic,2026-04-04T05:02:00,Interesting take on this.,#media,post
p_00356,organic_049,topic_112,organic,2026-04-04T05:16:00,Interesting take on this.,#research #growth,post
p_00231,organic_031,topic_089,organic,2026-04-04T05:17:00,"Not sure I agree, but worth reading.",#media,post
p_00153,organic_022,topic_040,organic,2026-04-04T05:38:00,Sharing for later.,,post
p_00338,organic_046,topic_037,organic,2026-04-04T05:48:00,Useful context here.,,post
p_00668,beta_003,beta_asset_07,beta_campaign,2026-04-04T06:01:40,I keep seeing this launch.,#startup #launch,post
p_00666,beta_001,beta_asset_07,beta_campaign,2026-04-04T06:01:53,This tool is getting attention.,#startup #launch,post
p_00670,beta_005,beta_asset_07,beta_campaign,2026-04-04T06:02:52,I keep seeing this launch.,#startup #launch,post
p_00672,beta_007,beta_asset_07,beta_campaign,2026-04-04T06:03:00,This tool is getting attention.,#startup #launch,post
p_00671,beta_006,beta_asset_07,beta_campaign,2026-04-04T06:04:10,This is underrated.,#startup #launch,post
p_00674,beta_009,beta_asset_07,beta_campaign,2026-04-04T06:04:37,Worth a look.,#startup #launch,post
p_00673,beta_008,beta_asset_07,beta_campaign,2026-04-04T06:04:39,This is underrated.,#startup #launch,post
p_00667,beta_002,beta_asset_07,beta_campaign,2026-04-04T06:04:43,This is underrated.,#startup #launch,post
p_00669,beta_004,beta_asset_07,beta_campaign,2026-04-04T06:04:51,This tool is getting attention.,#startup #launch,post
p_00228,organic_031,topic_060,organic,2026-04-04T06:21:00,"Not sure I agree, but worth reading.",#ai,post
p_00282,organic_038,topic_041,organic,2026-04-04T06:36:00,This reminded me of a discussion yesterday.,,post
p_00130,organic_018,topic_090,organic,2026-04-04T06:58:00,This reminded me of a discussion yesterday.,,post
p_00123,organic_017,topic_007,organic,2026-04-04T08:02:00,"Not sure I agree, but worth reading.",#media,post
p_00081,organic_012,topic_015,organic,2026-04-04T08:19:00,Sharing for later.,#growth #tech,post
p_00405,organic_056,topic_016,organic,2026-04-04T08:28:00,This reminded me of a discussion yesterday.,#research #media,post
p_00015,organic_002,topic_093,organic,2026-04-04T08:55:00,Useful context here.,,post
p_00550,alpha_003,alpha_asset_10,alpha_campaign,2026-04-04T09:00:04,Everyone is talking about this clip.,#trend #creator #viral,post
p_00556,alpha_009,alpha_asset_10,alpha_campaign,2026-04-04T09:00:17,This changed how I see the creator.,#trend #creator #viral,post
p_00549,alpha_002,alpha_asset_10,alpha_campaign,2026-04-04T09:00:23,How is nobody discussing this yet?,#trend #creator #viral,post
p_00558,alpha_011,alpha_asset_10,alpha_campaign,2026-04-04T09:00:24,Everyone is talking about this clip.,#trend #creator #viral,post
p_00551,alpha_004,alpha_asset_10,alpha_campaign,2026-04-04T09:00:38,This changed how I see the creator.,#trend #creator #viral,post
p_00553,alpha_006,alpha_asset_10,alpha_campaign,2026-04-04T09:00:42,How is nobody discussing this yet?,#trend #creator #viral,post
p_00559,alpha_012,alpha_asset_10,alpha_campaign,2026-04-04T09:00:42,This is suddenly everywhere.,#trend #creator #viral,post
p_00548,alpha_001,alpha_asset_10,alpha_campaign,2026-04-04T09:00:50,This moment explains the whole story.,#trend #creator #viral,post
p_00554,alpha_007,alpha_asset_10,alpha_campaign,2026-04-04T09:00:58,This changed how I see the creator.,#trend #creator #viral,post
p_00557,alpha_010,alpha_asset_10,alpha_campaign,2026-04-04T09:00:59,How is nobody discussing this yet?,#trend #creator #viral,post
p_00555,alpha_008,alpha_asset_10,alpha_campaign,2026-04-04T09:01:07,This moment explains the whole story.,#trend #creator #viral,post
p_00552,alpha_005,alpha_asset_10,alpha_campaign,2026-04-04T09:01:17,Everyone is talking about this clip.,#trend #creator #viral,post
p_00268,organic_036,topic_023,organic,2026-04-04T09:27:00,Interesting take on this.,,post
p_00178,organic_025,topic_020,organic,2026-04-04T09:32:00,Sharing for later.,,post
p_00186,organic_025,topic_098,organic,2026-04-04T10:35:00,Useful context here.,,post
p_00242,organic_033,topic_065,organic,2026-04-04T11:25:00,Sharing for later.,#research,post
p_00118,organic_017,topic_029,organic,2026-04-04T11:31:00,"Not sure I agree, but worth reading.",#tech,post
p_00108,organic_015,topic_031,organic,2026-04-04T11:59:00,"Not sure I agree, but worth reading.",,post
p_00276,organic_037,topic_017,organic,2026-04-04T12:05:00,Useful context here.,#culture #ai,post
p_00107,organic_015,topic_108,organic,2026-04-04T12:43:00,Useful context here.,#ai,post
p_00188,organic_026,topic_118,organic,2026-04-04T12:57:00,Sharing for later.,#research #ai,post
p_00291,organic_039,topic_098,organic,2026-04-04T13:04:00,Useful context here.,,post
p_00403,organic_056,topic_084,organic,2026-04-04T13:06:00,Sharing for later.,,post
p_00062,organic_009,topic_035,organic,2026-04-04T13:56:00,Useful context here.,,post
p_00335,organic_046,topic_118,organic,2026-04-04T14:14:00,"Not sure I agree, but worth reading.",#growth,post
p_00157,organic_022,topic_077,organic,2026-04-04T14:16:00,Interesting take on this.,,post
p_00422,organic_058,topic_115,organic,2026-04-04T14:33:00,Interesting take on this.,#media,post
p_00162,organic_023,topic_074,organic,2026-04-04T14:38:00,"Not sure I agree, but worth reading.",#research,post
p_00406,organic_056,topic_079,organic,2026-04-04T14:58:00,"Not sure I agree, but worth reading.",,post
p_00197,organic_027,topic_119,organic,2026-04-04T15:39:00,"Not sure I agree, but worth reading.",#research #tech,post
p_00175,organic_024,topic_030,organic,2026-04-04T15:40:00,This reminded me of a discussion yesterday.,#research #tech,post
p_00180,organic_025,topic_118,organic,2026-04-04T15:48:00,"Not sure I agree, but worth reading.",,post
p_00678,beta_004,beta_asset_08,beta_campaign,2026-04-04T17:00:04,This tool is getting attention.,#startup #launch,post
p_00675,beta_001,beta_asset_08,beta_campaign,2026-04-04T17:00:38,Worth a look.,#startup #launch,post
p_00677,beta_003,beta_asset_08,beta_campaign,2026-04-04T17:01:58,Worth a look.,#startup #launch,post
p_00683,beta_009,beta_asset_08,beta_campaign,2026-04-04T17:02:26,Worth a look.,#startup #launch,post
p_00679,beta_005,beta_asset_08,beta_campaign,2026-04-04T17:03:11,Worth a look.,#startup #launch,post
p_00676,beta_002,beta_asset_08,beta_campaign,2026-04-04T17:03:31,This tool is getting attention.,#startup #launch,post
p_00680,beta_006,beta_asset_08,beta_campaign,2026-04-04T17:04:07,This is underrated.,#startup #launch,post
p_00682,beta_008,beta_asset_08,beta_campaign,2026-04-04T17:04:31,I keep seeing this launch.,#startup #launch,post
p_00681,beta_007,beta_asset_08,beta_campaign,2026-04-04T17:04:32,This is underrated.,#startup #launch,post
p_00243,organic_033,topic_104,organic,2026-04-04T17:35:00,This reminded me of a discussion yesterday.,,post
p_00240,organic_033,topic_012,organic,2026-04-04T17:35:00,This reminded me of a discussion yesterday.,#research #media,post
p_00206,organic_028,topic_037,organic,2026-04-04T18:31:00,Useful context here.,#ai #research,post
p_00116,organic_016,topic_046,organic,2026-04-04T18:32:00,"Not sure I agree, but worth reading.",#culture,post
p_00222,organic_030,topic_089,organic,2026-04-04T18:46:00,Interesting take on this.,,post
p_00054,organic_007,topic_017,organic,2026-04-04T18:55:00,"Not sure I agree, but worth reading.",#tech,post
p_00564,alpha_005,alpha_asset_11,alpha_campaign,2026-04-04T19:00:22,This changed how I see the creator.,#trend #creator #viral,post
p_00561,alpha_002,alpha_asset_11,alpha_campaign,2026-04-04T19:00:23,Everyone is talking about this clip.,#trend #creator #viral,post
p_00569,alpha_010,alpha_asset_11,alpha_campaign,2026-04-04T19:00:23,This is suddenly everywhere.,#trend #creator #viral,post
p_00571,alpha_012,alpha_asset_11,alpha_campaign,2026-04-04T19:00:31,Everyone is talking about this clip.,#trend #creator #viral,post
p_00567,alpha_008,alpha_asset_11,alpha_campaign,2026-04-04T19:00:41,Everyone is talking about this clip.,#trend #creator #viral,post
p_00562,alpha_003,alpha_asset_11,alpha_campaign,2026-04-04T19:00:43,How is nobody discussing this yet?,#trend #creator #viral,post
p_00568,alpha_009,alpha_asset_11,alpha_campaign,2026-04-04T19:00:51,Everyone is talking about this clip.,#trend #creator #viral,post
p_00566,alpha_007,alpha_asset_11,alpha_campaign,2026-04-04T19:00:54,This changed how I see the creator.,#trend #creator #viral,post
p_00560,alpha_001,alpha_asset_11,alpha_campaign,2026-04-04T19:00:58,How is nobody discussing this yet?,#trend #creator #viral,post
p_00570,alpha_011,alpha_asset_11,alpha_campaign,2026-04-04T19:01:01,How is nobody discussing this yet?,#trend #creator #viral,post
p_00563,alpha_004,alpha_asset_11,alpha_campaign,2026-04-04T19:01:12,This is suddenly everywhere.,#trend #creator #viral,post
p_00565,alpha_006,alpha_asset_11,alpha_campaign,2026-04-04T19:01:21,This moment explains the whole story.,#trend #creator #viral,post
p_00135,organic_019,topic_090,organic,2026-04-04T19:21:00,Useful context here.,,post
p_00325,organic_045,topic_081,organic,2026-04-04T19:41:00,This reminded me of a discussion yesterday.,#tech #growth,post
p_00424,organic_058,topic_081,organic,2026-04-04T19:41:00,Useful context here.,#tech #culture,post
p_00181,organic_025,topic_060,organic,2026-04-04T20:02:00,"Not sure I agree, but worth reading.",#culture,post
p_00294,organic_040,topic_035,organic,2026-04-04T21:22:00,This reminded me of a discussion yesterday.,#tech,post
p_00095,organic_014,topic_087,organic,2026-04-04T21:45:00,Sharing for later.,,post
p_00298,organic_040,topic_048,organic,2026-04-04T22:05:00,This reminded me of a discussion yesterday.,#culture #tech,post
p_00133,organic_018,topic_119,organic,2026-04-04T22:11:00,Useful context here.,#research #ai,post
p_00433,organic_059,topic_019,organic,2026-04-04T22:21:00,This reminded me of a discussion yesterday.,#growth #research,post
p_00046,organic_006,topic_096,organic,2026-04-04T22:38:00,Interesting take on this.,,post
p_00053,organic_007,topic_086,organic,2026-04-04T22:47:00,Sharing for later.,#research,post
p_00052,organic_007,topic_067,organic,2026-04-04T23:23:00,This reminded me of a discussion yesterday.,,post
p_00421,organic_058,topic_021,organic,2026-04-05T01:06:00,Sharing for later.,#culture,post
p_00277,organic_037,topic_092,organic,2026-04-05T01:47:00,"Not sure I agree, but worth reading.",#culture #growth,post
p_00576,alpha_005,alpha_asset_12,alpha_campaign,2026-04-05T02:00:01,How is nobody discussing this yet?,#trend #creator #viral,post
p_00579,alpha_008,alpha_asset_12,alpha_campaign,2026-04-05T02:00:07,Everyone is talking about this clip.,#trend #creator #viral,post
p_00581,alpha_010,alpha_asset_12,alpha_campaign,2026-04-05T02:00:20,This moment explains the whole story.,#trend #creator #viral,post
p_00574,alpha_003,alpha_asset_12,alpha_campaign,2026-04-05T02:00:42,How is nobody discussing this yet?,#trend #creator #viral,post
p_00572,alpha_001,alpha_asset_12,alpha_campaign,2026-04-05T02:00:49,This is suddenly everywhere.,#trend #creator #viral,post
p_00573,alpha_002,alpha_asset_12,alpha_campaign,2026-04-05T02:00:57,How is nobody discussing this yet?,#trend #creator #viral,post
p_00580,alpha_009,alpha_asset_12,alpha_campaign,2026-04-05T02:00:59,How is nobody discussing this yet?,#trend #creator #viral,post
p_00575,alpha_004,alpha_asset_12,alpha_campaign,2026-04-05T02:01:14,This changed how I see the creator.,#trend #creator #viral,post
p_00577,alpha_006,alpha_asset_12,alpha_campaign,2026-04-05T02:01:23,How is nobody discussing this yet?,#trend #creator #viral,post
p_00582,alpha_011,alpha_asset_12,alpha_campaign,2026-04-05T02:01:27,This changed how I see the creator.,#trend #creator #viral,post
p_00578,alpha_007,alpha_asset_12,alpha_campaign,2026-04-05T02:01:28,This is suddenly everywhere.,#trend #creator #viral,post
p_00583,alpha_012,alpha_asset_12,alpha_campaign,2026-04-05T02:01:30,How is nobody discussing this yet?,#trend #creator #viral,post
p_00124,organic_017,topic_059,organic,2026-04-05T02:15:00,This reminded me of a discussion yesterday.,#growth,post
p_00438,organic_060,topic_105,organic,2026-04-05T02:24:00,Useful context here.,#growth #media,post
p_00337,organic_046,topic_009,organic,2026-04-05T03:01:00,Interesting take on this.,#ai #research,post
p_00152,organic_022,topic_071,organic,2026-04-05T03:19:00,This reminded me of a discussion yesterday.,#research #growth,post
p_00386,organic_053,topic_111,organic,2026-04-05T03:38:00,This reminded me of a discussion yesterday.,,post
p_00074,organic_011,topic_023,organic,2026-04-05T03:42:00,"Not sure I agree, but worth reading.",#ai #media,post
p_00692,beta_009,beta_asset_09,beta_campaign,2026-04-05T04:00:28,Worth a look.,#startup #launch,post
p_00690,beta_007,beta_asset_09,beta_campaign,2026-04-05T04:00:41,Worth a look.,#startup #launch,post
p_00685,beta_002,beta_asset_09,beta_campaign,2026-04-05T04:00:49,This tool is getting attention.,#startup #launch,post
p_00689,beta_006,beta_asset_09,beta_campaign,2026-04-05T04:01:55,I keep seeing this launch.,#startup #launch,post
p_00687,beta_004,beta_asset_09,beta_campaign,2026-04-05T04:02:16,This is underrated.,#startup #launch,post
p_00691,beta_008,beta_asset_09,beta_campaign,2026-04-05T04:03:14,This is underrated.,#startup #launch,post
p_00688,beta_005,beta_asset_09,beta_campaign,2026-04-05T04:03:27,This is underrated.,#startup #launch,post
p_00684,beta_001,beta_asset_09,beta_campaign,2026-04-05T04:03:40,This tool is getting attention.,#startup #launch,post
p_00066,organic_009,topic_001,organic,2026-04-05T04:04:00,Sharing for later.,#growth #media,post
p_00261,organic_035,topic_007,organic,2026-04-05T04:04:00,Sharing for later.,,post
p_00686,beta_003,beta_asset_09,beta_campaign,2026-04-05T04:04:29,I keep seeing this launch.,#startup #launch,post
p_00094,organic_014,topic_085,organic,2026-04-05T04:31:00,Interesting take on this.,,post
p_00119,organic_017,topic_050,organic,2026-04-05T04:47:00,"Not sure I agree, but worth reading.",#media #research,post
p_00347,organic_048,topic_005,organic,2026-04-05T04:57:00,Useful context here.,,post
p_00035,organic_005,topic_052,organic,2026-04-05T05:39:00,Interesting take on this.,,post
p_00317,organic_044,topic_096,organic,2026-04-05T05:42:00,Sharing for later.,#media,post
p_00063,organic_009,topic_092,organic,2026-04-05T06:37:00,Sharing for later.,#ai #growth,post
p_00332,organic_046,topic_104,organic,2026-04-05T06:46:00,Interesting take on this.,#ai #media,post
p_00319,organic_044,topic_116,organic,2026-04-05T08:24:00,This reminded me of a discussion yesterday.,#ai #media,post
p_00288,organic_038,topic_040,organic,2026-04-05T09:01:00,Interesting take on this.,#culture #media,post
p_00380,organic_052,topic_006,organic,2026-04-05T09:12:00,Useful context here.,#ai,post
p_00395,organic_054,topic_094,organic,2026-04-05T09:16:00,Useful context here.,#growth,post
p_00378,organic_052,topic_003,organic,2026-04-05T10:30:00,Interesting take on this.,#media,post
p_00071,organic_010,topic_116,organic,2026-04-05T10:42:00,Sharing for later.,#media #tech,post
p_00258,organic_035,topic_116,organic,2026-04-05T10:56:00,Interesting take on this.,#growth,post
p_00594,alpha_011,alpha_asset_13,alpha_campaign,2026-04-05T11:00:10,This changed how I see the creator.,#trend #creator #viral,post
p_00584,alpha_001,alpha_asset_13,alpha_campaign,2026-04-05T11:00:15,How is nobody discussing this yet?,#trend #creator #viral,post
p_00587,alpha_004,alpha_asset_13,alpha_campaign,2026-04-05T11:00:17,This moment explains the whole story.,#trend #creator #viral,post
p_00588,alpha_005,alpha_asset_13,alpha_campaign,2026-04-05T11:00:19,This moment explains the whole story.,#trend #creator #viral,post
p_00586,alpha_003,alpha_asset_13,alpha_campaign,2026-04-05T11:00:28,This is suddenly everywhere.,#trend #creator #viral,post
p_00593,alpha_010,alpha_asset_13,alpha_campaign,2026-04-05T11:00:31,This changed how I see the creator.,#trend #creator #viral,post
p_00585,alpha_002,alpha_asset_13,alpha_campaign,2026-04-05T11:00:47,This changed how I see the creator.,#trend #creator #viral,post
p_00590,alpha_007,alpha_asset_13,alpha_campaign,2026-04-05T11:00:53,This changed how I see the creator.,#trend #creator #viral,post
p_00595,alpha_012,alpha_asset_13,alpha_campaign,2026-04-05T11:00:57,This changed how I see the creator.,#trend #creator #viral,post
p_00591,alpha_008,alpha_asset_13,alpha_campaign,2026-04-05T11:01:00,This changed how I see the creator.,#trend #creator #viral,post
p_00589,alpha_006,alpha_asset_13,alpha_campaign,2026-04-05T11:01:17,How is nobody discussing this yet?,#trend #creator #viral,post
p_00592,alpha_009,alpha_asset_13,alpha_campaign,2026-04-05T11:01:25,This is suddenly everywhere.,#trend #creator #viral,post
p_00195,organic_026,topic_067,organic,2026-04-05T11:47:00,Useful context here.,#ai,post
p_00343,organic_047,topic_066,organic,2026-04-05T11:48:00,Interesting take on this.,#growth,post
p_00257,organic_035,topic_110,organic,2026-04-05T12:02:00,Interesting take on this.,#growth #culture,post
p_00350,organic_048,topic_053,organic,2026-04-05T12:28:00,Sharing for later.,#culture,post
p_00413,organic_057,topic_074,organic,2026-04-05T13:44:00,"Not sure I agree, but worth reading.",#media #culture,post
p_00069,organic_010,topic_107,organic,2026-04-05T13:49:00,Useful context here.,#media #research,post
p_00434,organic_059,topic_017,organic,2026-04-05T14:10:00,Useful context here.,#tech #growth,post
p_00137,organic_019,topic_055,organic,2026-04-05T14:11:00,Interesting take on this.,#ai #growth,post
p_00253,organic_034,topic_059,organic,2026-04-05T14:18:00,Useful context here.,#culture,post
p_00248,organic_034,topic_049,organic,2026-04-05T14:26:00,Interesting take on this.,#media #research,post
p_00401,organic_055,topic_048,organic,2026-04-05T14:35:00,"Not sure I agree, but worth reading.",,post
p_00285,organic_038,topic_096,organic,2026-04-05T14:45:00,Sharing for later.,#tech #culture,post
p_00025,organic_004,topic_084,organic,2026-04-05T14:58:00,"Not sure I agree, but worth reading.",#research #tech,post
p_00697,beta_008,beta_asset_10,beta_campaign,2026-04-05T15:00:16,This tool is getting attention.,#startup #launch,post
p_00696,beta_006,beta_asset_10,beta_campaign,2026-04-05T15:00:38,I keep seeing this launch.,#startup #launch,post
p_00693,beta_001,beta_asset_10,beta_campaign,2026-04-05T15:00:42,This is underrated.,#startup #launch,post
p_00694,beta_002,beta_asset_10,beta_campaign,2026-04-05T15:02:49,Worth a look.,#startup #launch,post
p_00695,beta_005,beta_asset_10,beta_campaign,2026-04-05T15:04:50,This is underrated.,#startup #launch,post
p_00362,organic_050,topic_011,organic,2026-04-05T15:22:00,Sharing for later.,,post
p_00348,organic_048,topic_077,organic,2026-04-05T15:52:00,Sharing for later.,,post
p_00089,organic_013,topic_054,organic,2026-04-05T16:31:00,Sharing for later.,#culture #growth,post
p_00211,organic_029,topic_091,organic,2026-04-05T17:06:00,"Not sure I agree, but worth reading.",#ai #media,post
p_00377,organic_052,topic_082,organic,2026-04-05T18:38:00,This reminded me of a discussion yesterday.,#ai,post
p_00598,alpha_003,alpha_asset_14,alpha_campaign,2026-04-05T19:00:07,This changed how I see the creator.,#trend #creator #viral,post
p_00606,alpha_011,alpha_asset_14,alpha_campaign,2026-04-05T19:00:11,This changed how I see the creator.,#trend #creator #viral,post
p_00601,alpha_006,alpha_asset_14,alpha_campaign,2026-04-05T19:00:19,This is suddenly everywhere.,#trend #creator #viral,post
p_00602,alpha_007,alpha_asset_14,alpha_campaign,2026-04-05T19:00:41,This changed how I see the creator.,#trend #creator #viral,post
p_00596,alpha_001,alpha_asset_14,alpha_campaign,2026-04-05T19:00:46,Everyone is talking about this clip.,#trend #creator #viral,post
p_00603,alpha_008,alpha_asset_14,alpha_campaign,2026-04-05T19:00:56,Everyone is talking about this clip.,#trend #creator #viral,post
p_00607,alpha_012,alpha_asset_14,alpha_campaign,2026-04-05T19:00:57,Everyone is talking about this clip.,#trend #creator #viral,post
p_00599,alpha_004,alpha_asset_14,alpha_campaign,2026-04-05T19:01:04,This is suddenly everywhere.,#trend #creator #viral,post
p_00597,alpha_002,alpha_asset_14,alpha_campaign,2026-04-05T19:01:12,Everyone is talking about this clip.,#trend #creator #viral,post
p_00600,alpha_005,alpha_asset_14,alpha_campaign,2026-04-05T19:01:13,This changed how I see the creator.,#trend #creator #viral,post
p_00605,alpha_010,alpha_asset_14,alpha_campaign,2026-04-05T19:01:14,This moment explains the whole story.,#trend #creator #viral,post
p_00604,alpha_009,alpha_asset_14,alpha_campaign,2026-04-05T19:01:27,This is suddenly everywhere.,#trend #creator #viral,post
p_00340,organic_047,topic_084,organic,2026-04-05T20:01:00,Sharing for later.,#ai #tech,post
p_00246,organic_033,topic_102,organic,2026-04-05T20:44:00,Interesting take on this.,#culture,post
p_00305,organic_042,topic_029,organic,2026-04-05T20:55:00,Useful context here.,,post
p_00234,organic_032,topic_107,organic,2026-04-05T21:04:00,This reminded me of a discussion yesterday.,,post
p_00310,organic_043,topic_010,organic,2026-04-05T21:25:00,Interesting take on this.,#tech,post
p_00245,organic_033,topic_111,organic,2026-04-05T21:31:00,Useful context here.,#tech,post
p_00216,organic_029,topic_044,organic,2026-04-05T21:32:00,Interesting take on this.,#ai,post
p_00384,organic_053,topic_066,organic,2026-04-05T21:44:00,Useful context here.,#growth,post
p_00099,organic_014,topic_064,organic,2026-04-05T22:07:00,Sharing for later.,,post
p_00080,organic_012,topic_066,organic,2026-04-05T22:08:00,Useful context here.,#tech,post
p_00088,organic_013,topic_042,organic,2026-04-05T22:52:00,This reminded me of a discussion yesterday.,#media #ai,post
p_00430,organic_059,topic_032,organic,2026-04-05T23:53:00,This reminded me of a discussion yesterday.,#tech,post
p_00032,organic_005,topic_061,organic,2026-04-06T00:09:00,Sharing for later.,,post
p_00255,organic_034,topic_079,organic,2026-04-06T00:26:00,This reminded me of a discussion yesterday.,,post
p_00210,organic_028,topic_110,organic,2026-04-06T01:10:00,Interesting take on this.,#ai,post
p_00194,organic_026,topic_060,organic,2026-04-06T01:50:00,Interesting take on this.,,post
p_00613,alpha_006,alpha_asset_15,alpha_campaign,2026-04-06T02:00:02,This moment explains the whole story.,#trend #creator #viral,post
p_00616,alpha_009,alpha_asset_15,alpha_campaign,2026-04-06T02:00:09,Everyone is talking about this clip.,#trend #creator #viral,post
p_00608,alpha_001,alpha_asset_15,alpha_campaign,2026-04-06T02:00:16,This changed how I see the creator.,#trend #creator #viral,post
p_00615,alpha_008,alpha_asset_15,alpha_campaign,2026-04-06T02:00:27,This changed how I see the creator.,#trend #creator #viral,post
p_00614,alpha_007,alpha_asset_15,alpha_campaign,2026-04-06T02:00:32,Everyone is talking about this clip.,#trend #creator #viral,post
p_00609,alpha_002,alpha_asset_15,alpha_campaign,2026-04-06T02:00:53,This moment explains the whole story.,#trend #creator #viral,post
p_00617,alpha_010,alpha_asset_15,alpha_campaign,2026-04-06T02:00:54,How is nobody discussing this yet?,#trend #creator #viral,post
p_00619,alpha_012,alpha_asset_15,alpha_campaign,2026-04-06T02:01:09,Everyone is talking about this clip.,#trend #creator #viral,post
p_00702,beta_005,beta_asset_11,beta_campaign,2026-04-06T02:01:11,Worth a look.,#startup #launch,post
p_00611,alpha_004,alpha_asset_15,alpha_campaign,2026-04-06T02:01:11,This moment explains the whole story.,#trend #creator #viral,post
p_00610,alpha_003,alpha_asset_15,alpha_campaign,2026-04-06T02:01:12,Everyone is talking about this clip.,#trend #creator #viral,post
p_00612,alpha_005,alpha_asset_15,alpha_campaign,2026-04-06T02:01:26,How is nobody discussing this yet?,#trend #creator #viral,post
p_00618,alpha_011,alpha_asset_15,alpha_campaign,2026-04-06T02:01:29,Everyone is talking about this clip.,#trend #creator #viral,post
p_00698,beta_001,beta_asset_11,beta_campaign,2026-04-06T02:01:46,This tool is getting attention.,#startup #launch,post
p_00704,beta_007,beta_asset_11,beta_campaign,2026-04-06T02:01:58,Worth a look.,#startup #launch,post
p_00706,beta_009,beta_asset_11,beta_campaign,2026-04-06T02:02:19,This is underrated.,#startup #launch,post
p_00703,beta_006,beta_asset_11,beta_campaign,2026-04-06T02:02:57,Worth a look.,#startup #launch,post
p_00701,beta_004,beta_asset_11,beta_campaign,2026-04-06T02:03:19,I keep seeing this launch.,#startup #launch,post
p_00699,beta_002,beta_asset_11,beta_campaign,2026-04-06T02:03:23,Worth a look.,#startup #launch,post
p_00705,beta_008,beta_asset_11,beta_campaign,2026-04-06T02:03:23,I keep seeing this launch.,#startup #launch,post
p_00700,beta_003,beta_asset_11,beta_campaign,2026-04-06T02:04:48,This tool is getting attention.,#startup #launch,post
p_00112,organic_016,topic_009,organic,2026-04-06T02:17:00,"Not sure I agree, but worth reading.",#culture,post
p_00205,organic_028,topic_036,organic,2026-04-06T02:18:00,This reminded me of a discussion yesterday.,#growth #tech,post
p_00202,organic_028,topic_035,organic,2026-04-06T02:27:00,"Not sure I agree, but worth reading.",#media,post
p_00113,organic_016,topic_060,organic,2026-04-06T02:32:00,Interesting take on this.,,post
p_00281,organic_038,topic_052,organic,2026-04-06T02:35:00,Interesting take on this.,#research,post
p_00374,organic_051,topic_074,organic,2026-04-06T02:45:00,Sharing for later.,#ai #tech,post
p_00312,organic_043,topic_052,organic,2026-04-06T03:03:00,This reminded me of a discussion yesterday.,,post
p_00437,organic_060,topic_111,organic,2026-04-06T03:10:00,Sharing for later.,,post
p_00297,organic_040,topic_049,organic,2026-04-06T03:38:00,"Not sure I agree, but worth reading.",#media,post
p_00138,organic_019,topic_002,organic,2026-04-06T03:42:00,"Not sure I agree, but worth reading.",,post
p_00114,organic_016,topic_107,organic,2026-04-06T03:43:00,"Not sure I agree, but worth reading.",#ai #tech,post
p_00269,organic_036,topic_095,organic,2026-04-06T03:57:00,Useful context here.,,post
p_00125,organic_018,topic_107,organic,2026-04-06T04:06:00,This reminded me of a discussion yesterday.,,post
p_00287,organic_038,topic_046,organic,2026-04-06T04:29:00,Interesting take on this.,#culture,post
p_00043,organic_006,topic_037,organic,2026-04-06T04:30:00,Useful context here.,#ai #research,post
p_00065,organic_009,topic_012,organic,2026-04-06T04:39:00,This reminded me of a discussion yesterday.,,post
p_00390,organic_054,topic_094,organic,2026-04-06T04:55:00,Interesting take on this.,#culture,post
p_00122,organic_017,topic_083,organic,2026-04-06T06:02:00,Sharing for later.,#media,post
p_00292,organic_039,topic_104,organic,2026-04-06T06:10:00,Useful context here.,#culture #ai,post
p_00091,organic_013,topic_027,organic,2026-04-06T06:23:00,Useful context here.,#ai #growth,post
p_00033,organic_005,topic_013,organic,2026-04-06T06:42:00,This reminded me of a discussion yesterday.,#research,post
p_00086,organic_013,topic_047,organic,2026-04-06T06:46:00,Interesting take on this.,#growth #culture,post
p_00014,organic_002,topic_038,organic,2026-04-06T07:43:00,Sharing for later.,#tech,post
p_00141,organic_020,topic_060,organic,2026-04-06T07:56:00,Useful context here.,#growth,post
p_00085,organic_013,topic_091,organic,2026-04-06T08:04:00,Interesting take on this.,#culture #media,post
p_00083,organic_013,topic_041,organic,2026-04-06T08:09:00,Useful context here.,#tech #research,post
p_00387,organic_054,topic_048,organic,2026-04-06T08:19:00,"Not sure I agree, but worth reading.",#research #ai,post
p_00058,organic_008,topic_021,organic,2026-04-06T08:39:00,Useful context here.,#growth #culture,post
p_00324,organic_045,topic_020,organic,2026-04-06T09:05:00,Interesting take on this.,#research,post
p_00353,organic_049,topic_074,organic,2026-04-06T09:18:00,"Not sure I agree, but worth reading.",#research,post
p_00239,organic_033,topic_040,organic,2026-04-06T09:22:00,Interesting take on this.,#growth #media,post
p_00230,organic_031,topic_010,organic,2026-04-06T09:37:00,This reminded me of a discussion yesterday.,#growth #research,post
p_00092,organic_013,topic_060,organic,2026-04-06T09:38:00,"Not sure I agree, but worth reading.",#media #culture,post
p_00067,organic_009,topic_095,organic,2026-04-06T09:39:00,Useful context here.,#research #culture,post
p_00104,organic_015,topic_097,organic,2026-04-06T09:51:00,Useful context here.,#culture #research,post
p_00169,organic_023,topic_117,organic,2026-04-06T09:53:00,This reminded me of a discussion yesterday.,#research #growth,post
p_00394,organic_054,topic_089,organic,2026-04-06T10:12:00,This reminded me of a discussion yesterday.,#tech,post
p_00408,organic_056,topic_116,organic,2026-04-06T10:32:00,Interesting take on this.,#growth #ai,post
p_00351,organic_048,topic_037,organic,2026-04-06T11:35:00,Sharing for later.,#media #growth,post
p_00192,organic_026,topic_005,organic,2026-04-06T13:11:00,Interesting take on this.,#growth,post
p_00247,organic_033,topic_016,organic,2026-04-06T13:11:00,This reminded me of a discussion yesterday.,#ai #growth,post
p_00214,organic_029,topic_068,organic,2026-04-06T13:46:00,Interesting take on this.,#media #research,post
p_00370,organic_051,topic_102,organic,2026-04-06T13:49:00,Interesting take on this.,,post
p_00382,organic_052,topic_009,organic,2026-04-06T13:58:00,Interesting take on this.,#media,post
p_00139,organic_020,topic_047,organic,2026-04-06T14:32:00,Sharing for later.,#media,post
p_00314,organic_044,topic_080,organic,2026-04-06T14:38:00,This reminded me of a discussion yesterday.,,post
p_00077,organic_011,topic_105,organic,2026-04-06T14:41:00,This reminded me of a discussion yesterday.,#media,post
p_00002,organic_001,topic_021,organic,2026-04-06T15:13:00,"Not sure I agree, but worth reading.",#ai,post
p_00250,organic_034,topic_082,organic,2026-04-06T15:46:00,This reminded me of a discussion yesterday.,#research #tech,post
p_00432,organic_059,topic_062,organic,2026-04-06T15:49:00,Sharing for later.,#culture,post
p_00103,organic_015,topic_103,organic,2026-04-06T15:52:00,Useful context here.,#culture #growth,post
p_00381,organic_052,topic_023,organic,2026-04-06T15:52:00,"Not sure I agree, but worth reading.",#media #ai,post
p_00143,organic_020,topic_032,organic,2026-04-06T15:53:00,Useful context here.,#ai #research,post
p_00229,organic_031,topic_002,organic,2026-04-06T16:02:00,This reminded me of a discussion yesterday.,#culture #media,post
p_00352,organic_049,topic_101,organic,2026-04-06T17:04:00,Sharing for later.,#ai,post
p_00174,organic_024,topic_077,organic,2026-04-06T17:19:00,This reminded me of a discussion yesterday.,,post
p_00189,organic_026,topic_012,organic,2026-04-06T17:20:00,This reminded me of a discussion yesterday.,#growth,post
p_00076,organic_011,topic_110,organic,2026-04-06T17:31:00,Sharing for later.,,post
p_00129,organic_018,topic_017,organic,2026-04-06T18:18:00,Interesting take on this.,#media #research,post
p_00283,organic_038,topic_088,organic,2026-04-06T18:30:00,Interesting take on this.,,post
p_00106,organic_015,topic_096,organic,2026-04-06T18:37:00,"Not sure I agree, but worth reading.",#media,post
p_00022,organic_003,topic_085,organic,2026-04-06T18:47:00,Useful context here.,,post
p_00415,organic_057,topic_092,organic,2026-04-06T19:42:00,Useful context here.,#research,post
p_00289,organic_039,topic_085,organic,2026-04-06T20:40:00,Sharing for later.,,post
p_00232,organic_031,topic_050,organic,2026-04-06T20:56:00,Interesting take on this.,,post
p_00156,organic_022,topic_028,organic,2026-04-06T21:13:00,This reminded me of a discussion yesterday.,#culture #ai,post
p_00301,organic_041,topic_055,organic,2026-04-06T21:37:00,Useful context here.,#research,post
p_00021,organic_003,topic_094,organic,2026-04-06T21:42:00,Interesting take on this.,#media #ai,post
p_00218,organic_030,topic_114,organic,2026-04-06T22:14:00,Useful context here.,,post
p_00064,organic_009,topic_065,organic,2026-04-06T22:24:00,This reminded me of a discussion yesterday.,,post
p_00161,organic_023,topic_112,organic,2026-04-06T23:02:00,Interesting take on this.,,post
p_00182,organic_025,topic_070,organic,2026-04-06T23:50:00,"Not sure I agree, but worth reading.",,post
p_00412,organic_057,topic_031,organic,2026-04-06T23:54:00,Interesting take on this.,#culture,post
p_00322,organic_044,topic_099,organic,2026-04-06T23:55:00,"Not sure I agree, but worth reading.",#culture #research,post
p_00191,organic_026,topic_089,organic,2026-04-07T00:17:00,This reminded me of a discussion yesterday.,#research #culture,post
p_00006,organic_001,topic_084,organic,2026-04-07T01:19:00,"Not sure I agree, but worth reading.",#research #media,post
p_00371,organic_051,topic_108,organic,2026-04-07T01:29:00,Useful context here.,#tech #culture,post
p_00047,organic_007,topic_062,organic,2026-04-07T02:18:00,Useful context here.,,post
p_00278,organic_037,topic_059,organic,2026-04-07T03:02:00,Useful context here.,#tech,post
p_00048,organic_007,topic_008,organic,2026-04-07T03:40:00,Interesting take on this.,,post
p_00318,organic_044,topic_010,organic,2026-04-07T04:23:00,Interesting take on this.,#culture #media,post
p_00359,organic_049,topic_116,organic,2026-04-07T05:10:00,Sharing for later.,#tech,post
p_00101,organic_015,topic_023,organic,2026-04-07T06:26:00,"Not sure I agree, but worth reading.",,post
p_00389,organic_054,topic_119,organic,2026-04-07T06:47:00,This reminded me of a discussion yesterday.,,post
p_00272,organic_037,topic_006,organic,2026-04-07T07:23:00,This reminded me of a discussion yesterday.,#ai,post
p_00140,organic_020,topic_094,organic,2026-04-07T07:28:00,This reminded me of a discussion yesterday.,#culture #research,post
p_00316,organic_044,topic_052,organic,2026-04-07T08:04:00,Interesting take on this.,#growth,post
p_00342,organic_047,topic_086,organic,2026-04-07T08:44:00,Interesting take on this.,#ai #research,post
p_00304,organic_042,topic_063,organic,2026-04-07T08:53:00,This reminded me of a discussion yesterday.,,post
p_00354,organic_049,topic_065,organic,2026-04-07T09:01:00,"Not sure I agree, but worth reading.",,post
p_00023,organic_003,topic_034,organic,2026-04-07T09:05:00,Useful context here.,#media,post
p_00059,organic_009,topic_084,organic,2026-04-07T09:26:00,Interesting take on this.,#culture #growth,post
p_00012,organic_002,topic_060,organic,2026-04-07T09:29:00,This reminded me of a discussion yesterday.,#tech #ai,post
p_00018,organic_002,topic_070,organic,2026-04-07T09:49:00,Interesting take on this.,#growth #research,post
p_00309,organic_043,topic_049,organic,2026-04-07T10:25:00,Sharing for later.,#culture #growth,post
p_00217,organic_029,topic_110,organic,2026-04-07T10:42:00,"Not sure I agree, but worth reading.",#ai,post
p_00155,organic_022,topic_096,organic,2026-04-07T11:19:00,Sharing for later.,,post
p_00013,organic_002,topic_088,organic,2026-04-07T11:37:00,This reminded me of a discussion yesterday.,#growth #tech,post
p_00110,organic_016,topic_115,organic,2026-04-07T12:29:00,Interesting take on this.,,post
p_00039,organic_005,topic_084,organic,2026-04-07T12:36:00,Interesting take on this.,,post
p_00429,organic_059,topic_064,organic,2026-04-07T13:58:00,This reminded me of a discussion yesterday.,#growth #research,post
p_00117,organic_016,topic_096,organic,2026-04-07T14:07:00,Useful context here.,,post
p_00105,organic_015,topic_107,organic,2026-04-07T14:36:00,"Not sure I agree, but worth reading.",,post
p_00090,organic_013,topic_052,organic,2026-04-07T14:37:00,Interesting take on this.,#growth,post
p_00409,organic_057,topic_009,organic,2026-04-07T15:11:00,Useful context here.,#growth,post
p_00423,organic_058,topic_082,organic,2026-04-07T15:24:00,This reminded me of a discussion yesterday.,,post
p_00203,organic_028,topic_059,organic,2026-04-07T15:31:00,Sharing for later.,#media,post
p_00208,organic_028,topic_043,organic,2026-04-07T15:42:00,Useful context here.,#research,post
p_00151,organic_021,topic_061,organic,2026-04-07T16:08:00,Useful context here.,#research,post
p_00027,organic_004,topic_076,organic,2026-04-07T16:15:00,Sharing for later.,#media #tech,post
p_00263,organic_035,topic_107,organic,2026-04-07T16:20:00,Sharing for later.,#media #ai,post
p_00290,organic_039,topic_045,organic,2026-04-07T16:53:00,This reminded me of a discussion yesterday.,,post
p_00003,organic_001,topic_089,organic,2026-04-07T17:05:00,Sharing for later.,#growth #tech,post
p_00341,organic_047,topic_040,organic,2026-04-07T17:37:00,"Not sure I agree, but worth reading.",#growth #media,post
p_00072,organic_010,topic_046,organic,2026-04-07T17:53:00,"Not sure I agree, but worth reading.",#ai #media,post
p_00249,organic_034,topic_004,organic,2026-04-07T18:18:00,This reminded me of a discussion yesterday.,#media #tech,post
p_00286,organic_038,topic_072,organic,2026-04-07T18:22:00,This reminded me of a discussion yesterday.,#tech #research,post
p_00166,organic_023,topic_104,organic,2026-04-07T18:41:00,This reminded me of a discussion yesterday.,,post
p_00055,organic_008,topic_059,organic,2026-04-07T18:44:00,Interesting take on this.,,post
p_00121,organic_017,topic_076,organic,2026-04-07T19:06:00,Interesting take on this.,,post
p_00323,organic_044,topic_088,organic,2026-04-07T19:08:00,Useful context here.,#ai,post
p_00262,organic_035,topic_101,organic,2026-04-07T19:10:00,Sharing for later.,,post
p_00136,organic_019,topic_102,organic,2026-04-07T19:32:00,Interesting take on this.,#culture,post
p_00400,organic_055,topic_050,organic,2026-04-07T19:53:00,Interesting take on this.,#media #research,post
p_00020,organic_003,topic_031,organic,2026-04-07T19:55:00,Interesting take on this.,,post
p_00050,organic_007,topic_016,organic,2026-04-07T20:33:00,Sharing for later.,#culture #tech,post
p_00233,organic_031,topic_049,organic,2026-04-07T21:10:00,This reminded me of a discussion yesterday.,#growth #ai,post
p_00428,organic_059,topic_027,organic,2026-04-07T21:13:00,"Not sure I agree, but worth reading.",#ai #tech,post
p_00416,organic_057,topic_106,organic,2026-04-07T21:59:00,Interesting take on this.,,post
p_00185,organic_025,topic_087,organic,2026-04-07T22:04:00,Useful context here.,,post
p_00098,organic_014,topic_114,organic,2026-04-07T22:11:00,Sharing for later.,#ai #research,post
p_00115,organic_016,topic_110,organic,2026-04-07T22:12:00,"Not sure I agree, but worth reading.",#tech,post
p_00084,organic_013,topic_116,organic,2026-04-07T22:26:00,Sharing for later.,#tech,post
p_00045,organic_006,topic_008,organic,2026-04-07T23:09:00,Useful context here.,,post
p_00329,organic_045,topic_060,organic,2026-04-07T23:28:00,Useful context here.,#tech #research,post
p_00227,organic_031,topic_117,organic,2026-04-08T00:14:00,Sharing for later.,,post
p_00008,organic_001,topic_034,organic,2026-04-08T00:37:00,"Not sure I agree, but worth reading.",#research #growth,post
p_00049,organic_007,topic_009,organic,2026-04-08T03:29:00,Interesting take on this.,#media #research,post
p_00146,organic_021,topic_113,organic,2026-04-08T03:47:00,This reminded me of a discussion yesterday.,#tech #culture,post
p_00082,organic_012,topic_014,organic,2026-04-08T03:54:00,"Not sure I agree, but worth reading.",#ai,post
p_00336,organic_046,topic_087,organic,2026-04-08T04:15:00,Interesting take on this.,#ai #growth,post
p_00204,organic_028,topic_118,organic,2026-04-08T04:40:00,Useful context here.,#media #tech,post
p_00321,organic_044,topic_023,organic,2026-04-08T05:29:00,Sharing for later.,#tech #media,post
p_00393,organic_054,topic_058,organic,2026-04-08T05:33:00,"Not sure I agree, but worth reading.",,post
p_00426,organic_059,topic_080,organic,2026-04-08T06:14:00,This reminded me of a discussion yesterday.,#tech #ai,post
p_00131,organic_018,topic_078,organic,2026-04-08T06:49:00,Interesting take on this.,,post
p_00398,organic_055,topic_109,organic,2026-04-08T06:54:00,"Not sure I agree, but worth reading.",,post
p_00198,organic_027,topic_004,organic,2026-04-08T07:15:00,Sharing for later.,#media #growth,post
p_00293,organic_039,topic_004,organic,2026-04-08T07:17:00,This reminded me of a discussion yesterday.,,post
p_00001,organic_001,topic_010,organic,2026-04-08T07:20:00,Sharing for later.,#ai #media,post
p_00226,organic_030,topic_011,organic,2026-04-08T07:25:00,"Not sure I agree, but worth reading.",#ai #media,post
p_00334,organic_046,topic_067,organic,2026-04-08T07:31:00,Sharing for later.,#growth,post
p_00097,organic_014,topic_061,organic,2026-04-08T07:55:00,Interesting take on this.,#research,post
p_00373,organic_051,topic_001,organic,2026-04-08T08:53:00,This reminded me of a discussion yesterday.,,post
