account,object,time,group
a43,u41,14,background
a53,u17,119,background
a08,u63,236,background
a09,u39,323,background
a44,u12,447,background
a12,u60,466,background
a59,u35,482,background
a31,u24,505,background
a19,u40,642,background
a24,u49,686,background
a12,u27,753,background
a17,u42,851,background
a23,u06,869,background
a34,u21,1009,background
a15,u30,1097,background
a52,u24,1173,background
a05,u21,1211,background
a36,u51,1247,background
a49,u23,1321,background
a58,u63,1443,background
a51,u46,1541,background
a38,u05,1843,background
a23,u46,1867,background
a16,u63,1880,background
a02,u32,1941,background
a00,u36,1948,background
a48,u65,1964,background
a23,u27,1967,background
a37,u18,2150,background
a54,u53,2202,background
a45,u27,2230,background
a27,u08,2241,background
a39,u14,2380,background
a31,u55,2437,background
a49,u51,2576,background
a32,u17,2737,background
a16,u44,2760,background
a46,u10,2770,background
a55,u76,2813,background
a30,u65,2860,background
a40,u10,2994,background
a16,u49,3078,background
a43,u37,3103,background
a11,u25,3241,background
a25,u32,3245,background
a22,u69,3388,background
a27,u46,3486,background
a14,u01,3500,background
a02,u70,3540,background
a32,u50,3565,background
a53,u52,3589,background
a41,u29,3633,background
a55,u53,3694,background
a38,u56,3820,background
a40,u09,3849,background
a32,u34,3887,background
a02,campaign_06,3923,coordinated
a04,campaign_06,3931,coordinated
a30,u65,3941,background
a50,u32,3962,background
a06,campaign_06,4007,coordinated
a50,u56,4018,background
a01,campaign_06,4020,coordinated
a00,campaign_06,4028,coordinated
a05,campaign_06,4047,coordinated
a03,campaign_06,4049,coordinated
a07,campaign_06,4096,coordinated
a45,u19,4136,background
a09,u29,4172,background
a00,u27,4252,background
a43,u20,4345,background
a24,u77,4346,background
a56,u42,4366,background
a33,u79,4447,background
a11,u46,4587,background
a17,u71,4685,background
a18,u25,4694,background
a37,u23,5008,background
a07,u58,5022,background
a51,u25,5041,background
a30,u30,5061,background
a15,u14,5265,background
a26,u00,5425,background
a27,u37,5593,background
a48,u41,5791,background
a35,u05,5800,background
a53,u46,5849,background
a06,u77,5906,background
a56,u63,5911,background
a11,u58,5939,background
a42,u76,6066,background
a59,u71,6313,background
a10,u74,6555,background
a49,u38,6555,background
a17,u35,6573,background
a39,u00,6645,background
a22,u48,6822,background
a54,u51,6866,background
a17,u53,6995,background
a56,u49,7003,background
a40,u21,7006,background
a27,u09,7194,background
a24,u27,7490,background
a56,u03,7596,background
a07,u76,7609,background
a07,u04,7769,background
a15,u15,7786,background
a26,u79,7844,background
a01,campaign_14,7945,coordinated
a07,campaign_14,7950,coordinated
a05,campaign_14,7960,coordinated
a06,campaign_14,7963,coordinated
a00,campaign_14,8026,coordinated
a21,u72,8040,background
a02,campaign_14,8042,coordinated
a03,campaign_14,8046,coordinated
a04,campaign_14,8056,coordinated
a07,u61,8119,background
a33,u54,8234,background
a47,u46,8412,background
a17,u67,8422,background
a50,u11,8453,background
a15,u09,8833,background
a30,u14,8986,background
a58,u64,9071,background
a09,u71,9092,background
a27,u41,9167,background
a59,u69,9181,background
a29,u62,9264,background
a29,u61,9435,background
a15,u71,9458,background
a47,u07,9484,background
a35,u04,9492,background
a03,campaign_11,9528,coordinated
a07,campaign_11,9576,coordinated
a00,campaign_11,9599,coordinated
a01,campaign_11,9602,coordinated
a04,campaign_11,9608,coordinated
a05,campaign_11,9611,coordinated
a02,campaign_11,9613,coordinated
a06,campaign_11,9650,coordinated
a12,u43,9658,background
a43,u51,9717,background
a14,u06,9721,background
a47,u77,9792,background
a01,u08,9908,background
a01,u34,9996,background
a52,u67,10100,background
a53,u66,10251,background
a01,u79,10646,background
a27,u26,10685,background
a14,u17,10783,background
a12,u64,10840,background
a47,u56,10886,background
a39,u10,10918,background
a25,u69,11040,background
a59,u49,11095,background
a03,u73,11099,background
a32,u45,11155,background
a46,u64,11237,background
a04,u74,11336,background
a29,u39,11354,background
a58,u17,11364,background
a46,u40,11403,background
a03,u48,11424,background
a48,u69,11623,background
a48,u13,11670,background
a25,u08,11798,background
a16,u74,11903,background
a28,u19,12137,background
a49,u07,12265,background
a28,u32,12303,background
a07,u17,12340,background
a24,u66,12440,background
a30,u46,12582,background
a54,u21,12698,background
a46,u49,12709,background
a00,u62,12749,background
a48,u14,12794,background
a08,u38,12855,background
a18,u36,12895,background
a04,u52,12913,background
a54,u49,13057,background
a33,u60,13104,background
a51,u41,13123,background
a03,u37,13238,background
a08,u17,13256,background
a21,u53,13334,background
a06,u42,13359,background
a48,u72,13397,background
a04,u35,13431,background
a31,u13,13443,background
a11,u50,13500,background
a30,u53,13696,background
a55,u72,13788,background
a46,u24,13923,background
a40,u35,13939,background
a06,u37,14105,background
a01,u26,14304,background
a49,u19,14657,background
a54,u42,14660,background
a54,u63,14727,background
a10,u23,14823,background
a31,u19,14857,background
a45,u23,14889,background
a29,u43,14913,background
a03,u00,14920,background
a11,u35,14962,background
a54,u62,15040,background
a27,u29,15090,background
a18,u24,15118,background
a08,u45,15185,background
a33,u16,15212,background
a42,u19,15378,background
a03,u62,15444,background
a44,u56,15445,background
a05,u31,15664,background
a41,u75,15674,background
a03,campaign_08,15735,coordinated
a00,campaign_08,15765,coordinated
a02,campaign_08,15766,coordinated
a07,campaign_08,15829,coordinated
a05,campaign_08,15838,coordinated
a06,campaign_08,15881,coordinated
a01,campaign_08,15893,coordinated
a04,campaign_08,15897,coordinated
a13,u65,16122,background
a34,u36,16216,background
a31,u02,16476,background
a22,u10,16537,background
a10,u00,16657,background
a18,u06,16690,background
a51,u04,16693,background
a08,u54,16715,background
a51,u58,16751,background
a28,u65,16769,background
a12,u22,16772,background
a19,u47,16878,background
a42,u78,16933,background
a06,u21,16998,background
a09,u71,17008,background
a00,u32,17192,background
a49,u51,17258,background
a53,u16,17263,background
a22,u06,17531,background
a34,u17,17674,background
a27,u76,17714,background
a00,u51,17756,background
a32,u16,17950,background
a00,u15,18048,background
a02,u05,18053,background
a59,u65,18142,background
a06,u58,18212,background
a15,u34,18288,background
a19,u16,18301,background
a16,u43,18433,background
a06,u63,18442,background
a53,u37,18452,background
a45,u44,18480,background
a05,u60,18646,background
a13,u68,18733,background
a42,u03,18899,background
a18,u25,18908,background
a16,u78,19001,background
a17,u76,19056,background
a32,u50,19080,background
a41,u41,19196,background
a05,u04,19198,background
a49,u31,19225,background
a20,u18,19231,background
a15,u64,19259,background
a23,u67,19540,background
a11,u77,19595,background
a21,u20,19688,background
a17,u72,19711,background
a33,u48,19742,background
a15,u20,19751,background
a12,u48,19877,background
a00,u52,19962,background
a56,u50,20203,background
a55,u16,20284,background
a01,u61,20318,background
a35,u18,20427,background
a46,u75,20446,background
a07,campaign_02,20534,coordinated
a00,campaign_02,20551,coordinated
a03,campaign_02,20559,coordinated
a05,campaign_02,20575,coordinated
a04,campaign_02,20588,coordinated
a02,campaign_02,20597,coordinated
a01,campaign_02,20647,coordinated
a06,campaign_02,20668,coordinated
a29,u55,20783,background
a49,u64,20864,background
a46,u79,21002,background
a46,u32,21075,background
a47,u22,21119,background
a53,u48,21194,background
a50,u42,21344,background
a20,u62,21366,background
a51,u47,21376,background
a03,campaign_17,21458,coordinated
a48,u64,21462,background
a45,u28,21475,background
a11,u31,21476,background
a00,campaign_17,21477,coordinated
a03,u53,21492,background
a07,campaign_17,21506,coordinated
a05,campaign_17,21512,coordinated
a40,u65,21514,background
a04,campaign_17,21522,coordinated
a01,campaign_17,21523,coordinated
a47,u20,21536,background
a06,campaign_17,21553,coordinated
a02,campaign_17,21560,coordinated
a05,u46,21571,background
a43,u13,21612,background
a51,u48,21749,background
a31,u37,21776,background
a28,u67,21868,background
a06,campaign_07,22015,coordinated
a07,campaign_07,22017,coordinated
a05,campaign_07,22050,coordinated
a02,campaign_07,22054,coordinated
a04,u31,22065,background
a00,campaign_07,22073,coordinated
a01,campaign_07,22086,coordinated
a03,u45,22118,background
a03,campaign_07,22136,coordinated
a04,campaign_07,22145,coordinated
a40,u24,22187,background
a06,u14,22190,background
a08,u49,22226,background
a36,u08,22244,background
a52,u32,22439,background
a32,u16,22527,background
a23,u78,22683,background
a44,u48,22685,background
a54,u11,22707,background
a24,u02,22729,background
a18,u25,22772,background
a40,u60,23339,background
a56,u67,23473,background
a23,u24,23600,background
a45,u10,23617,background
a17,u40,23637,background
a40,u78,23842,background
a05,u05,23884,background
a58,u28,23936,background
a31,u09,23955,background
a40,u48,24022,background
a47,u04,24063,background
a20,u26,24169,background
a58,u40,24271,background
a57,u76,24316,background
a55,u14,24392,background
a32,u49,24412,background
a07,u25,24558,background
a17,u55,24566,background
a05,u22,24669,background
a48,u37,24864,background
a03,campaign_04,24943,coordinated
a07,campaign_04,24964,coordinated
a08,u65,24966,background
a04,campaign_04,24978,coordinated
a02,campaign_04,24982,coordinated
a37,u45,24984,background
a05,campaign_04,25008,coordinated
a45,u52,25013,background
a00,campaign_04,25016,coordinated
a06,campaign_04,25022,coordinated
a20,u22,25033,background
a01,campaign_04,25047,coordinated
a05,u40,25210,background
a43,u36,25236,background
a14,u15,25261,background
a20,u33,25309,background
a14,u00,25367,background
a08,u30,25370,background
a05,u46,25372,background
a42,u16,25382,background
a02,u77,25484,background
a09,u22,25566,background
a19,u56,25642,background
a52,u22,25675,background
a48,u03,25799,background
a18,u41,25823,background
a39,u56,25824,background
a14,u07,25856,background
a41,u21,25977,background
a32,u00,26009,background
a27,u42,26084,background
a53,u20,26089,background
a40,u73,26132,background
a57,u70,26147,background
a27,u31,26153,background
a05,u71,26230,background
a18,u63,26454,background
a06,u68,26519,background
a12,u19,26540,background
a03,u33,26570,background
a58,u71,26586,background
a18,u61,26698,background
a25,u48,26862,background
a56,u65,26871,background
a38,u66,26958,background
a33,u17,27011,background
a50,u14,27087,background
a20,u75,27118,background
a58,u57,27734,background
a16,u10,27822,background
a04,u74,27843,background
a22,u41,27868,background
a12,u51,28000,background
a41,u57,28168,background
a27,u15,28184,background
a54,u53,28264,background
a34,u73,28449,background
a39,u77,28558,background
a35,u00,28630,background
a58,u29,28666,background
a27,u52,28694,background
a06,campaign_15,28699,coordinated
a01,u04,28716,background
a01,campaign_15,28719,coordinated
a07,campaign_15,28722,coordinated
a17,u06,28758,background
a05,campaign_15,28767,coordinated
a02,campaign_15,28806,coordinated
a00,campaign_15,28841,coordinated
a04,campaign_15,28860,coordinated
a03,campaign_15,28864,coordinated
a48,u10,28881,background
a46,u62,29054,background
a18,u79,29242,background
a44,u46,29357,background
a50,u42,29488,background
a50,u68,29553,background
a02,u15,29588,background
a23,u76,29654,background
a42,u19,29699,background
a55,u43,29719,background
a26,u07,29743,background
a19,u67,29790,background
a54,u31,29834,background
a50,u10,29965,background
a41,u74,30089,background
a39,u09,30181,background
a29,u18,30345,background
a16,u21,30463,background
a40,u50,30481,background
a14,u22,30600,background
a07,u46,30701,background
a51,u70,30737,background
a04,u04,30855,background
a41,u34,31006,background
a50,u06,31224,background
a03,campaign_16,31281,coordinated
a06,campaign_16,31286,coordinated
a02,campaign_16,31314,coordinated
a00,campaign_16,31320,coordinated
a05,campaign_16,31342,coordinated
a04,campaign_16,31376,coordinated
a01,campaign_16,31423,coordinated
a07,campaign_16,31435,coordinated
a33,u19,31495,background
a12,u10,31760,background
a41,u44,31906,background
a39,u34,32081,background
a34,u18,32299,background
a00,u58,32432,background
a22,u06,32476,background
a45,u08,32525,background
a55,u61,32554,background
a41,u75,32569,background
a42,u79,32694,background
a26,u55,32758,background
a12,u45,32942,background
a43,u03,33054,background
a15,u62,33071,background
a42,u08,33098,background
a08,u41,33267,background
a18,u47,33302,background
a00,u78,33327,background
a29,u70,33353,background
a56,u79,33445,background
a45,u07,33555,background
a24,u18,33580,background
a26,u10,33656,background
a40,u26,33725,background
a28,u46,33731,background
a36,u71,33754,background
a53,u49,33788,background
a46,u07,33821,background
a00,u77,33859,background
a04,u34,33871,background
a27,u56,33968,background
a43,u03,34107,background
a37,u23,34135,background
a13,u32,34214,background
a50,u70,34302,background
a26,u46,34324,background
a55,u54,34383,background
a06,u24,34407,background
a04,u20,34428,background
a06,u00,34566,background
a19,u66,34568,background
a40,u40,34594,background
a54,u48,34603,background
a23,u37,34766,background
a04,campaign_10,34799,coordinated
a07,campaign_10,34804,coordinated
a00,campaign_10,34817,coordinated
a43,u44,34820,background
a06,campaign_10,34826,coordinated
a01,campaign_10,34863,coordinated
a05,campaign_10,34865,coordinated
a03,campaign_10,34873,coordinated
a38,u66,34880,background
a02,campaign_10,34959,coordinated
a44,u32,35013,background
a57,u40,35020,background
a19,u19,35047,background
a30,u32,35059,background
a30,u41,35131,background
a51,u30,35158,background
a19,u39,35198,background
a19,u43,35359,background
a09,u16,35398,background
a20,u58,35576,background
a49,u50,35628,background
a44,u18,35715,background
a47,u67,35814,background
a08,u46,35895,background
a36,u25,35909,background
a47,u10,35940,background
a25,u68,35988,background
a37,u65,36104,background
a30,u24,36116,background
a06,u28,36188,background
a37,u08,36262,background
a20,u10,36286,background
a26,u57,36382,background
a35,u38,36546,background
a52,u09,36563,background
a42,u64,36719,background
a21,u45,36856,background
a51,u07,36858,background
a13,u30,36944,background
a16,u35,37002,background
a22,u01,37073,background
a39,u43,37232,background
a45,u57,37331,background
a12,u41,37344,background
a05,u07,37419,background
a26,u33,37463,background
a20,u66,37463,background
a03,u67,37472,background
a22,u53,37641,background
a32,u26,37657,background
a30,u77,37749,background
a31,u74,37976,background
a34,u54,38234,background
a36,u19,38366,background
a35,u40,38509,background
a24,u09,38530,background
a17,u17,38707,background
a04,u36,38742,background
a05,u11,38773,background
a55,u45,38870,background
a04,u03,38926,background
a48,u76,39085,background
a04,u19,39090,background
a15,u07,39229,background
a40,u10,39245,background
a48,u00,39260,background
a41,u43,39292,background
a01,u55,39345,background
a41,u23,39399,background
a37,u37,39500,background
a07,u59,39512,background
a35,u29,39562,background
a26,u37,39782,background
a10,u25,39789,background
a29,u29,40011,background
a57,u64,40085,background
a40,u31,40272,background
a31,u64,40306,background
a02,u73,40364,background
a28,u32,40419,background
a42,u57,40433,background
a08,u74,40433,background
a17,u49,40509,background
a25,u78,40509,background
a59,u35,40530,background
a54,u49,40538,background
a05,u08,40614,background
a08,u26,40665,background
a46,u32,40674,background
a31,u61,40985,background
a45,u68,41025,background
a02,u05,41064,background
a18,u36,41231,background
a26,u02,41242,background
a38,u52,41264,background
a13,u11,41270,background
a47,u12,41324,background
a27,u52,41363,background
a54,u25,41650,background
a15,u56,41840,background
a48,u24,41901,background
a40,u17,41915,background
a59,u22,41981,background
a54,u60,42144,background
a55,u79,42175,background
a43,u00,42175,background
a02,u37,42225,background
a58,u23,42365,background
a26,u10,42371,background
a39,u62,42405,background
a47,u08,42479,background
a12,u57,42508,background
a20,u11,42697,background
a13,u39,42733,background
a24,u37,42795,background
a15,u35,42845,background
a42,u54,42851,background
a01,u21,42930,background
a45,u12,43007,background
a44,u74,43036,background
a06,u68,43040,background
a17,u68,43065,background
a46,u49,43162,background
a39,u75,43193,background
a45,u25,43323,background
a40,u15,43359,background
a31,u73,43436,background
a52,u23,43465,background
a46,u46,43498,background
a43,u73,43578,background
a54,u17,43642,background
a49,u52,43643,background
a47,u64,43762,background
a20,u36,43806,background
a43,u11,43819,background
a45,u61,43836,background
a55,u63,43894,background
a56,u38,43924,background
a25,u25,43934,background
a56,u43,44078,background
a29,u56,44116,background
a44,u57,44160,background
a35,u03,44461,background
a12,u14,44534,background
a17,u78,44593,background
a41,u47,44701,background
a42,u12,44717,background
a58,u38,44722,background
a40,u49,44746,background
a11,u33,44827,background
a39,u10,44840,background
a00,u09,44846,background
a00,u49,44861,background
a40,u55,44864,background
a11,u64,45066,background
a29,u47,45079,background
a19,u24,45227,background
a44,u20,45271,background
a29,u55,45294,background
a05,u56,45301,background
a09,u32,45427,background
a20,u79,45564,background
a23,u79,45647,background
a04,u58,45680,background
a49,u60,45686,background
a23,u29,45978,background
a52,u68,46182,background
a39,u69,46194,background
a32,u66,46289,background
a52,u44,46320,background
a03,u57,46463,background
a41,u42,46504,background
a22,u59,46528,background
a01,u43,46668,background
a23,u15,46701,background
a43,u38,46791,background
a04,u69,46808,background
a00,u44,46846,background
a47,u21,47019,background
a24,u49,47048,background
a42,u51,47076,background
a57,u20,47130,background
a17,u69,47184,background
a00,u05,47248,background
a39,u19,47335,background
a02,u66,47371,background
a22,u01,47372,background
a22,u25,47393,background
a41,u55,47498,background
a08,u55,47598,background
a36,u68,47622,background
a59,u14,47692,background
a57,u24,47730,background
a02,u46,47779,background
a08,u37,47916,background
a40,u71,47971,background
a45,u14,48009,background
a10,u66,48083,background
a26,u38,48392,background
a00,u58,48394,background
a01,u16,48497,background
a41,u45,48537,background
a16,u14,48567,background
a58,u04,48596,background
a49,u21,48647,background
a48,u04,48702,background
a56,u29,48907,background
a45,u18,48912,background
a12,u49,48950,background
a36,u31,48950,background
a57,u05,49115,background
a42,u75,49183,background
a22,u38,49408,background
a40,u41,49460,background
a45,u62,49616,background
a58,u55,49689,background
a26,u68,49725,background
a07,u22,49780,background
a24,u38,49844,background
a37,u25,49917,background
a39,u71,49933,background
a16,u56,50026,background
a29,u59,50075,background
a02,u16,50090,background
a39,u79,50159,background
a42,u71,50350,background
a58,u37,50419,background
a13,u77,50471,background
a31,u71,50668,background
a46,u21,50668,background
a20,u32,50828,background
a26,u27,50839,background
a59,u43,50849,background
a11,u02,50887,background
a50,u47,50932,background
a48,u77,50961,background
a09,u10,51019,background
a44,u59,51254,background
a38,u18,51264,background
a19,u60,51285,background
a32,u18,51298,background
a37,u29,51516,background
a44,u36,51564,background
a29,u54,51637,background
a59,u36,51651,background
a30,u21,51669,background
a24,u71,51731,background
a57,u14,51755,background
a54,u34,51776,background
a32,u26,51922,background
a26,u06,51964,background
a59,u20,51978,background
a04,u40,51980,background
a09,u45,52149,background
a02,u55,52240,background
a02,u46,52292,background
a44,u24,52393,background
a39,u09,52398,background
a28,u34,52500,background
a14,u71,52522,background
a18,u68,52677,background
a23,u04,52742,background
a28,u61,52865,background
a38,u79,52922,background
a43,u09,52946,background
a01,u78,53100,background
a34,u61,53172,background
a26,u05,53174,background
a27,u68,53221,background
a02,u00,53460,background
a38,u51,53497,background
a42,u23,53512,background
a48,u65,53773,background
a51,u64,53796,background
a35,u51,53805,background
a31,u63,53823,background
a07,u75,53861,background
a32,u47,53946,background
a51,u74,53981,background
a51,u55,54010,background
a44,u58,54083,background
a48,u17,54092,background
a16,u38,54303,background
a09,u43,54324,background
a02,u54,54360,background
a07,u30,54378,background
a59,u66,54488,background
a24,u68,54530,background
a54,u60,54599,background
a10,u27,54648,background
a17,u62,54672,background
a42,u78,54776,background
a37,u08,54864,background
a03,u12,54961,background
a59,u57,55044,background
a34,u58,55065,background
a33,u25,55110,background
a30,u67,55220,background
a45,u46,55220,background
a41,u25,55272,background
a57,u16,55296,background
a57,u21,55314,background
a03,u66,55432,background
a29,u10,55550,background
a11,u08,55554,background
a33,u06,55622,background
a53,u38,55675,background
a16,u57,55925,background
a47,u41,55926,background
a12,u19,56018,background
a55,u21,56040,background
a14,u49,56046,background
a49,u25,56066,background
a04,u00,56192,background
a13,u26,56276,background
a50,u71,56362,background
a03,u43,56498,background
a56,u34,56539,background
a09,u47,56661,background
a14,u74,56680,background
a50,u25,56707,background
a53,u69,56709,background
a04,u20,56714,background
a00,u07,56881,background
a03,u59,56913,background
a23,u46,57012,background
a00,u08,57079,background
a06,u64,57089,background
a57,u73,57118,background
a10,u74,57127,background
a52,u64,57171,background
a45,u01,57190,background
a41,u06,57244,background
a10,u67,57349,background
a41,u52,57365,background
a05,u17,57488,background
a49,u32,57546,background
a23,u58,57853,background
a18,u02,58017,background
a26,u03,58040,background
a53,u49,58102,background
a58,u77,58287,background
a09,u00,58370,background
a24,u53,58543,background
a53,u04,58593,background
a38,u53,58677,background
a41,u74,58836,background
a04,u11,58906,background
a29,u77,58906,background
a48,u01,58970,background
a28,u74,59095,background
a23,u59,59240,background
a15,u28,59268,background
a54,u42,59290,background
a49,u77,59395,background
a15,u20,59408,background
a42,u72,59437,background
a49,u72,59531,background
a52,u18,59535,background
a01,u18,59576,background
a10,u77,59583,background
a20,u21,59604,background
a05,u44,59684,background
a14,u31,59706,background
a34,u00,59784,background
a02,u36,59848,background
a40,u15,60000,background
a59,u36,60017,background
a18,u38,60173,background
a51,u45,60179,background
a06,u79,60257,background
a03,u18,60379,background
a17,u49,60424,background
a41,u55,60472,background
a37,u13,60550,background
a42,u52,60588,background
a11,u04,60827,background
a40,u05,60846,background
a50,u37,60928,background
a20,u23,60931,background
a22,u47,60958,background
a35,u71,60974,background
a21,u03,61001,background
a35,u65,61163,background
a25,u48,61249,background
a31,u10,61337,background
a51,u09,61443,background
a51,u59,61480,background
a39,u58,61600,background
a21,u08,61661,background
a01,u68,61670,background
a14,u72,61862,background
a51,u57,61881,background
a43,u30,61905,background
a51,u38,61924,background
a46,u52,62013,background
a22,u02,62073,background
a37,u61,62296,background
a43,u12,62340,background
a54,u16,62359,background
a11,u63,62545,background
a02,campaign_03,62559,coordinated
a07,campaign_03,62570,coordinated
a01,campaign_03,62576,coordinated
a04,campaign_03,62580,coordinated
a03,campaign_03,62589,coordinated
a05,campaign_03,62690,coordinated
a06,campaign_03,62697,coordinated
a00,campaign_03,62710,coordinated
a27,u61,62771,background
a44,u46,62776,background
a40,u56,62776,background
a43,u12,62888,background
a35,u26,62917,background
a42,u27,62930,background
a56,u19,62936,background
a02,u33,62997,background
a49,u29,63054,background
a21,u30,63079,background
a57,u07,63092,background
a08,u44,63117,background
a56,u72,63237,background
a26,u05,63251,background
a44,u19,63265,background
a58,u69,63309,background
a35,u36,63326,background
a07,u18,63339,background
a22,u40,63425,background
a11,u78,63478,background
a21,u48,63527,background
a19,u69,63560,background
a28,u14,63580,background
a53,u55,63695,background
a43,u27,63757,background
a49,u32,63916,background
a37,u21,64096,background
a13,u44,64100,background
a41,u61,64136,background
a28,u00,64184,background
a22,u56,64270,background
a06,u43,64385,background
a14,u74,64511,background
a44,u06,64573,background
a28,u13,64602,background
a37,u41,64709,background
a36,u45,64747,background
a10,u21,64750,background
a25,u60,64772,background
a41,u42,64966,background
a24,u74,64985,background
a16,u19,65090,background
a28,u19,65155,background
a40,u47,65281,background
a39,u07,65327,background
a44,u79,65565,background
a29,u10,65695,background
a18,u21,65852,background
a24,u69,65858,background
a55,u73,65901,background
a22,u05,66008,background
a39,u68,66037,background
a05,u54,66218,background
a42,u76,66347,background
a07,u27,66354,background
a22,u64,66696,background
a58,u56,66759,background
a07,u35,66766,background
a18,u71,66836,background
a09,u07,66893,background
a04,u69,66895,background
a05,u11,66936,background
a31,u55,67046,background
a29,u48,67089,background
a40,u24,67109,background
a06,u77,67110,background
a28,u55,67124,background
a24,u67,67126,background
a43,u38,67151,background
a13,u69,67252,background
a27,u16,67280,background
a54,u64,67434,background
a58,u26,67621,background
a22,u07,67716,background
a40,u66,67868,background
a34,u31,67897,background
a33,u54,67916,background
a32,u50,68156,background
a52,u70,68360,background
a48,u31,68454,background
a56,u13,68485,background
a04,u34,68543,background
a08,u62,68608,background
a05,u64,68636,background
a50,u12,68641,background
a08,u77,68670,background
a02,u47,68747,background
a41,u55,68783,background
a52,u07,68825,background
a50,u58,68900,background
a14,u73,68965,background
a04,u04,69120,background
a44,u06,69233,background
a06,u23,69303,background
a48,u03,69577,background
a23,u76,69712,background
a21,u47,69723,background
a50,u23,69726,background
a55,u35,69734,background
a43,u08,69754,background
a27,u57,69809,background
a15,u02,69830,background
a55,u53,69927,background
a57,u69,70061,background
a08,u55,70112,background
a18,u03,70141,background
a24,u08,70303,background
a32,u66,70507,background
a12,u16,70512,background
a59,u71,70858,background
a28,u79,70936,background
a12,u15,71018,background
a23,u65,71137,background
a56,u72,71400,background
a46,u30,71424,background
a04,u34,71465,background
a04,u22,71488,background
a57,u67,71560,background
a33,u35,71702,background
a32,u28,71758,background
a21,u48,71782,background
a31,u69,71940,background
a33,u38,71961,background
a02,u55,71975,background
a35,u65,72104,background
a00,u64,72141,background
a53,u32,72277,background
a56,u38,72696,background
a03,u41,72732,background
a25,u47,72759,background
a25,u22,72797,background
a26,u47,72801,background
a36,u40,72870,background
a35,u15,72934,background
a11,u05,73123,background
a45,u14,73179,background
a38,u15,73197,background
a31,u59,73310,background
a17,u68,73426,background
a10,u24,73429,background
a17,u05,73439,background
a08,u79,73461,background
a14,u59,73691,background
a21,u35,73744,background
a18,u45,73777,background
a36,u73,73841,background
a46,u39,73982,background
a04,u37,74071,background
a38,u77,74205,background
a44,u21,74307,background
a36,u74,74334,background
a22,u54,74336,background
a17,u03,74431,background
a18,u31,74622,background
a02,u78,74694,background
a40,u23,74704,background
a52,u08,75064,background
a58,u10,75120,background
a56,u07,75123,background
a15,u57,75309,background
a48,u39,75335,background
a41,u76,75351,background
a03,u75,75557,background
a32,u00,75574,background
a44,u08,75595,background
a36,u68,75720,background
a29,u65,75915,background
a11,u33,76041,background
a34,u35,76065,background
a11,u79,76072,background
a42,u62,76112,background
a53,u05,76126,background
a08,u48,76163,background
a35,u04,76318,background
a15,u49,76365,background
a56,u38,76482,background
a50,u23,76532,background
a06,u66,76680,background
a53,u00,76682,background
a52,u01,76750,background
a40,u76,76777,background
a35,u50,76779,background
a48,u46,76857,background
a08,u04,77019,background
a06,u17,77058,background
a58,u66,77141,background
a11,u05,77423,background
a01,campaign_12,77499,coordinated
a00,campaign_12,77501,coordinated
a06,campaign_12,77534,coordinated
a04,campaign_12,77546,coordinated
a43,u05,77560,background
a20,u15,77583,background
a05,campaign_12,77604,coordinated
a07,campaign_12,77619,coordinated
a02,campaign_12,77636,coordinated
a03,campaign_12,77653,coordinated
a00,u11,77674,background
a12,u05,77698,background
a59,u47,77709,background
a54,u43,77713,background
a32,u10,77880,background
a23,u16,78070,background
a18,u78,78146,background
a54,u68,78179,background
a02,u53,78229,background
a17,u36,78260,background
a16,u14,78343,background
a12,u32,78375,background
a26,u11,78405,background
a25,u32,78429,background
a26,u06,78487,background
a35,u68,78621,background
a53,u63,78666,background
a11,u31,78731,background
a04,u02,78776,background
a16,u11,78784,background
a00,u56,78818,background
a14,u02,78823,background
a52,u02,78862,background
a10,u04,78877,background
a05,campaign_00,78973,coordinated
a06,campaign_00,78984,coordinated
a07,campaign_00,78995,coordinated
a21,u67,79031,background
a19,u36,79039,background
a00,campaign_00,79089,coordinated
a04,campaign_00,79100,coordinated
a01,campaign_00,79120,coordinated
a03,campaign_00,79125,coordinated
a02,campaign_00,79128,coordinated
a04,campaign_01,79173,coordinated
a06,u72,79191,background
a03,campaign_01,79211,coordinated
a05,campaign_01,79217,coordinated
a00,campaign_01,79220,coordinated
a01,campaign_01,79273,coordinated
a00,u48,79275,background
a43,u04,79291,background
a02,campaign_01,79302,coordinated
a07,campaign_01,79318,coordinated
a06,campaign_01,79318,coordinated
a33,u54,79549,background
a48,u07,79562,background
a33,u59,79579,background
a43,u55,79652,background
a50,u16,79663,background
a22,u70,79737,background
a30,u14,79793,background
a25,u70,79805,background
a30,u75,79866,background
a10,u64,79957,background
a00,u07,79964,background
a51,u50,80022,background
a42,u77,80026,background
a25,u63,80031,background
a49,u55,80036,background
a01,u56,80053,background
a21,u13,80111,background
a11,u71,80123,background
a50,u14,80189,background
a23,u52,80289,background
a14,u31,80305,background
a57,u16,80335,background
a22,u49,80349,background
a02,u43,80583,background
a53,u70,80595,background
a00,u07,80625,background
a38,u15,80753,background
a00,u48,80940,background
a47,u59,80978,background
a36,u62,80991,background
a30,u25,81026,background
a01,campaign_09,81056,coordinated
a03,campaign_09,81057,coordinated
a29,u03,81076,background
a02,campaign_09,81099,coordinated
a06,campaign_09,81140,coordinated
a07,campaign_09,81143,coordinated
a04,campaign_09,81159,coordinated
a05,campaign_09,81175,coordinated
a00,campaign_09,81212,coordinated
a52,u19,81237,background
a52,u74,81290,background
a16,u79,81313,background
a42,u52,81425,background
a37,u70,81434,background
a53,u17,81440,background
a00,u52,81631,background
a02,u19,81750,background
a30,u65,81840,background
a07,campaign_13,81908,coordinated
a02,campaign_13,81919,coordinated
a05,campaign_13,81920,coordinated
a01,campaign_13,81925,coordinated
a00,campaign_13,81931,coordinated
a04,campaign_13,82015,coordinated
a06,campaign_13,82030,coordinated
a03,campaign_13,82043,coordinated
a29,u59,82222,background
a08,u47,82326,background
a45,u06,82337,background
a11,u65,82402,background
a22,u58,82477,background
a25,u02,82501,background
a59,u76,82786,background
a41,u40,82838,background
a46,u51,82874,background
a25,u24,82900,background
a50,u07,82949,background
a47,u31,83008,background
a41,u45,83081,background
a03,u13,83096,background
a40,u70,83125,background
a13,u30,83159,background
a33,u00,83193,background
a02,u62,83330,background
a39,u20,83395,background
a18,u55,83612,background
a49,u47,83662,background
a35,u01,83699,background
a18,u45,83714,background
a21,u14,83753,background
a12,u39,83854,background
a54,u71,83929,background
a32,u23,83971,background
a58,u05,84132,background
a07,campaign_05,84191,coordinated
a01,campaign_05,84259,coordinated
a20,u35,84273,background
a03,campaign_05,84277,coordinated
a02,campaign_05,84284,coordinated
a04,campaign_05,84303,coordinated
a06,campaign_05,84318,coordinated
a05,campaign_05,84326,coordinated
a00,campaign_05,84338,coordinated
a45,u25,84400,background
a46,u47,84554,background
a20,u19,84569,background
a10,u79,84612,background
a35,u62,84636,background
a30,u11,84657,background
a27,u04,84835,background
a42,u04,84954,background
a24,u71,84976,background
a21,u34,85083,background
a22,u28,85140,background
a02,u70,85149,background
a31,u00,85312,background
a35,u30,85322,background
a37,u66,85330,background
a42,u23,85379,background
a37,u23,85417,background
a22,u61,85504,background
a44,u16,85604,background
a34,u13,85615,background
a26,u52,85623,background
a44,u75,85681,background
a03,u66,85699,background
a56,u50,85747,background
a22,u79,85775,background
a09,u53,85847,background
a52,u65,85895,background
a32,u20,86057,background
a52,u36,86077,background
a26,u11,86077,background
a49,u61,86128,background
